recclass,year,year_period_start,year_period_mid,year_period,achondrite_type
Acapulcoite,1976,1970,1977.5,1970,Acapulcoite
Diogenite-pm,1974,1970,1977.5,1970,Diogenite
Eucrite-mmict,2002,2000,2007.5,2000,Eucrite
Ureilite-an,2008,2000,2007.5,2000,Ureilite
Angrite,1869,1865,1872.5,1865,Angrite
Eucrite-mmict,1924,1910,1917.5,1910,Eucrite
Eucrite-mmict,2004,2000,2007.5,2000,Eucrite
Howardite,1905,1895,1902.5,1895,Howardite
Diogenite,1999,1985,1992.5,1985,Diogenite
Eucrite-pmict,1933,1925,1932.5,1925,Eucrite
Eucrite,2007,2000,2007.5,2000,Eucrite
Howardite,1942,1940,1947.5,1940,Howardite
Howardite,1925,1925,1932.5,1925,Howardite
Eucrite-mmict,1939,1925,1932.5,1925,Eucrite
Aubrite,1919,1910,1917.5,1910,Aubrite
Ureilite,1872,1865,1872.5,1865,Ureilite
Diogenite,1925,1925,1932.5,1925,Diogenite
Eucrite-mmict,1900,1895,1902.5,1895,Eucrite
Howardite,1911,1910,1917.5,1910,Howardite
Howardite,1868,1865,1872.5,1865,Howardite
Diogenite-pm,1950,1940,1947.5,1940,Diogenite
Eucrite-mmict,1878,1865,1872.5,1865,Eucrite
Ureilite,1971,1970,1977.5,1970,Ureilite
Diogenite,1870,1865,1872.5,1865,Diogenite
Eucrite-mmict,1957,1955,1962.5,1955,Eucrite
Ureilite,1990,1985,1992.5,1985,Ureilite
Howardite,1877,1865,1872.5,1865,Howardite
Diogenite,1924,1910,1917.5,1910,Diogenite
Howardite,1942,1940,1947.5,1940,Howardite
Aubrite,1932,1925,1932.5,1925,Aubrite
Eucrite-mmict,1906,1895,1902.5,1895,Eucrite
Ureilite,1955,1955,1962.5,1955,Ureilite
Eucrite-mmict,1910,1910,1917.5,1910,Eucrite
Lodranite,1868,1865,1872.5,1865,Lodranite
Howardite,1994,1985,1992.5,1985,Howardite
Eucrite-pmict,1936,1925,1932.5,1925,Eucrite
Eucrite-pmict,1933,1925,1932.5,1925,Eucrite
Aubrite,1974,1970,1977.5,1970,Aubrite
Eucrite-cm,1953,1940,1947.5,1940,Eucrite
Eucrite-mmict,1960,1955,1962.5,1955,Eucrite
Howardite,1953,1940,1947.5,1940,Howardite
Eucrite-cm,1913,1910,1917.5,1910,Eucrite
Eucrite-cm,1875,1865,1872.5,1865,Eucrite
Martian (nakhlite),1911,1910,1917.5,1910,Martian
Aubrite,1948,1940,1947.5,1940,Aubrite
Ureilite,1886,1880,1887.5,1880,Ureilite
Eucrite,2004,2000,2007.5,2000,Eucrite
Eucrite-mmict,1929,1925,1932.5,1925,Eucrite
Eucrite-pmict,1933,1925,1932.5,1925,Eucrite
Howardite,1882,1880,1887.5,1880,Howardite
Diogenite-pm,1953,1940,1947.5,1940,Diogenite
Aubrite,1946,1940,1947.5,1940,Aubrite
Eucrite-mmict,1899,1895,1902.5,1895,Eucrite
Aubrite,1933,1925,1932.5,1925,Aubrite
Eucrite-mmict,1996,1985,1992.5,1985,Eucrite
Winonaite,1931,1925,1932.5,1925,Winonaite
Eucrite-br,2007,2000,2007.5,2000,Eucrite
Diogenite,1871,1865,1872.5,1865,Diogenite
Eucrite-cm,1923,1910,1917.5,1910,Eucrite
Martian (shergottite),1865,1865,1872.5,1865,Martian
Eucrite-mmict,1933,1925,1932.5,1925,Eucrite
Eucrite-cm,1995,1985,1992.5,1985,Eucrite
Diogenite,1931,1925,1932.5,1925,Diogenite
Martian (shergottite),2011,2000,2007.5,2000,Martian
Eucrite-mmict,1949,1940,1947.5,1940,Eucrite
Eucrite-cm,1997,1985,1992.5,1985,Eucrite
Howardite,1939,1925,1932.5,1925,Howardite
Howardite,1936,1925,1932.5,1925,Howardite
Martian (shergottite),1962,1955,1962.5,1955,Martian
Ureilite,1991,1985,1992.5,1985,Ureilite
Eucrite-cm,2001,2000,2007.5,2000,Eucrite
Ureilite,2002,2000,2007.5,2000,Ureilite
Eucrite-mmict,1883,1880,1887.5,1880,Eucrite
Eucrite,2000,2000,2007.5,2000,Eucrite
Aubrite,2006,2000,2007.5,2000,Aubrite
Howardite,2009,2000,2007.5,2000,Howardite
Ureilite,1982,1970,1977.5,1970,Ureilite
Ureilite,1982,1970,1977.5,1970,Ureilite
Aubrite,1983,1970,1977.5,1970,Aubrite
Ureilite,1983,1970,1977.5,1970,Ureilite
Aubrite,1983,1970,1977.5,1970,Aubrite
Martian (OPX),1984,1970,1977.5,1970,Martian
Aubrite,1984,1970,1977.5,1970,Aubrite
Aubrite,1984,1970,1977.5,1970,Aubrite
Aubrite,1984,1970,1977.5,1970,Aubrite
Aubrite,1984,1970,1977.5,1970,Aubrite
Aubrite,1984,1970,1977.5,1970,Aubrite
Aubrite,1984,1970,1977.5,1970,Aubrite
Aubrite,1984,1970,1977.5,1970,Aubrite
Aubrite,1984,1970,1977.5,1970,Aubrite
Aubrite,1984,1970,1977.5,1970,Aubrite
Aubrite,1984,1970,1977.5,1970,Aubrite
Aubrite,1984,1970,1977.5,1970,Aubrite
Aubrite,1984,1970,1977.5,1970,Aubrite
Aubrite,1984,1970,1977.5,1970,Aubrite
Aubrite,1984,1970,1977.5,1970,Aubrite
Aubrite,1984,1970,1977.5,1970,Aubrite
Aubrite,1984,1970,1977.5,1970,Aubrite
Aubrite,1984,1970,1977.5,1970,Aubrite
Aubrite,1984,1970,1977.5,1970,Aubrite
Brachinite,1984,1970,1977.5,1970,Brachinite
Ureilite,1984,1970,1977.5,1970,Ureilite
Acapulcoite,1984,1970,1977.5,1970,Acapulcoite
Eucrite-Mg rich,1985,1985,1992.5,1985,Eucrite
Diogenite,1985,1985,1992.5,1985,Diogenite
Howardite,1988,1985,1992.5,1985,Howardite
Howardite,1988,1985,1992.5,1985,Howardite
Eucrite-pmict,1976,1970,1977.5,1970,Eucrite
Martian (shergottite),1977,1970,1977.5,1970,Martian
Ureilite,2003,2000,2007.5,2000,Ureilite
Acapulcoite,1977,1970,1977.5,1970,Acapulcoite
Diogenite,1977,1970,1977.5,1970,Diogenite
Ureilite,1977,1970,1977.5,1970,Ureilite
Eucrite-unbr,2003,2000,2007.5,2000,Eucrite
Eucrite-pmict,1977,1970,1977.5,1970,Eucrite
Howardite,1978,1970,1977.5,1970,Howardite
Ureilite,1978,1970,1977.5,1970,Ureilite
Eucrite-pmict,1978,1970,1977.5,1970,Eucrite
Aubrite,1978,1970,1977.5,1970,Aubrite
Eucrite-pmict,1978,1970,1977.5,1970,Eucrite
Eucrite-pmict,1978,1970,1977.5,1970,Eucrite
Eucrite-pmict,1978,1970,1977.5,1970,Eucrite
Acapulcoite,1977,1970,1977.5,1970,Acapulcoite
Ureilite,1978,1970,1977.5,1970,Ureilite
Eucrite-pmict,1979,1970,1977.5,1970,Eucrite
Eucrite-pmict,1980,1970,1977.5,1970,Eucrite
Eucrite-unbr,1981,1970,1977.5,1970,Eucrite
Lunar (anorth),1981,1970,1977.5,1970,Lunar
Eucrite-pmict,1981,1970,1977.5,1970,Eucrite
Eucrite-pmict,1981,1970,1977.5,1970,Eucrite
Eucrite-pmict,1981,1970,1977.5,1970,Eucrite
Eucrite-pmict,1981,1970,1977.5,1970,Eucrite
Eucrite-pmict,1981,1970,1977.5,1970,Eucrite
Eucrite-pmict,1981,1970,1977.5,1970,Eucrite
Eucrite-pmict,1981,1970,1977.5,1970,Eucrite
Ureilite,1981,1970,1977.5,1970,Ureilite
Acapulcoite,1981,1970,1977.5,1970,Acapulcoite
Acapulcoite,1981,1970,1977.5,1970,Acapulcoite
Eucrite-pmict,1981,1970,1977.5,1970,Eucrite
Acapulcoite,1981,1970,1977.5,1970,Acapulcoite
Lunar,2006,2000,2007.5,2000,Lunar
Eucrite-mmict,2000,2000,2007.5,2000,Eucrite
Diogenite,2006,2000,2007.5,2000,Diogenite
Eucrite,2006,2000,2007.5,2000,Eucrite
Diogenite,2006,2000,2007.5,2000,Diogenite
Diogenite,2006,2000,2007.5,2000,Diogenite
Eucrite-mmict,2005,2000,2007.5,2000,Eucrite
Eucrite-mmict,2005,2000,2007.5,2000,Eucrite
Eucrite-mmict,1999,1985,1992.5,1985,Eucrite
Ureilite,1987,1985,1992.5,1985,Ureilite
Eucrite,1987,1985,1992.5,1985,Eucrite
Diogenite,1987,1985,1992.5,1985,Diogenite
Diogenite,1987,1985,1992.5,1985,Diogenite
Eucrite-mmict,1987,1985,1992.5,1985,Eucrite
Eucrite-pmict,1988,1985,1992.5,1985,Eucrite
Diogenite,1988,1985,1992.5,1985,Diogenite
Eucrite,1988,1985,1992.5,1985,Eucrite
Eucrite-mmict,1988,1985,1992.5,1985,Eucrite
Ureilite,1988,1985,1992.5,1985,Ureilite
Diogenite,1988,1985,1992.5,1985,Diogenite
Diogenite,1988,1985,1992.5,1985,Diogenite
Eucrite-br,1988,1985,1992.5,1985,Eucrite
Diogenite,1988,1985,1992.5,1985,Diogenite
Howardite,1988,1985,1992.5,1985,Howardite
Diogenite,1988,1985,1992.5,1985,Diogenite
Ureilite,1988,1985,1992.5,1985,Ureilite
Eucrite,1988,1985,1992.5,1985,Eucrite
Diogenite,1988,1985,1992.5,1985,Diogenite
Diogenite,1988,1985,1992.5,1985,Diogenite
Angrite,1988,1985,1992.5,1985,Angrite
Diogenite,1988,1985,1992.5,1985,Diogenite
Eucrite-mmict,1988,1985,1992.5,1985,Eucrite
Eucrite-cm,1988,1985,1992.5,1985,Eucrite
Eucrite,1988,1985,1992.5,1985,Eucrite
Eucrite-br,1988,1985,1992.5,1985,Eucrite
Eucrite,1988,1985,1992.5,1985,Eucrite
Eucrite-mmict,1988,1985,1992.5,1985,Eucrite
Diogenite,1988,1985,1992.5,1985,Diogenite
Eucrite-mmict,1988,1985,1992.5,1985,Eucrite
Lunar (gabbro),1988,1985,1992.5,1985,Lunar
Eucrite,1988,1985,1992.5,1985,Eucrite
Eucrite-pmict,1988,1985,1992.5,1985,Eucrite
Eucrite-pmict,1988,1985,1992.5,1985,Eucrite
Diogenite,1988,1985,1992.5,1985,Diogenite
Diogenite,1988,1985,1992.5,1985,Diogenite
Acapulcoite,1988,1985,1992.5,1985,Acapulcoite
Ureilite,1988,1985,1992.5,1985,Ureilite
Diogenite,1988,1985,1992.5,1985,Diogenite
Ureilite,1988,1985,1992.5,1985,Ureilite
Eucrite,1990,1985,1992.5,1985,Eucrite
Eucrite-unbr,2000,2000,2007.5,2000,Eucrite
Eucrite-cm,1912,1910,1917.5,1910,Eucrite
Eucrite-mmict,2000,2000,2007.5,2000,Eucrite
Eucrite-mmict,2010,2000,2007.5,2000,Eucrite
Eucrite-mmict,1978,1970,1977.5,1970,Eucrite
Brachinite,1974,1970,1977.5,1970,Brachinite
Eucrite-mmict,1916,1910,1917.5,1910,Eucrite
Lunar (anorth),1960,1955,1962.5,1955,Lunar
Eucrite-mmict,1967,1955,1962.5,1955,Eucrite
Eucrite-mmict,1984,1970,1977.5,1970,Eucrite
Howardite,1990,1985,1992.5,1985,Howardite
Ureilite,2004,2000,2007.5,2000,Ureilite
Ureilite,2003,2000,2007.5,2000,Ureilite
Ureilite,1995,1985,1992.5,1985,Ureilite
Ureilite-pmict,1997,1985,1992.5,1985,Ureilite
Ureilite,2000,2000,2007.5,2000,Ureilite
Ureilite-pmict,1999,1985,1992.5,1985,Ureilite
Ureilite,1999,1985,1992.5,1985,Ureilite
Martian (shergottite),1999,1985,1992.5,1985,Martian
Lunar,1999,1985,1992.5,1985,Lunar
Ureilite-pmict,1999,1985,1992.5,1985,Ureilite
Lunar (feldsp. breccia),2001,2000,2007.5,2000,Lunar
Martian (shergottite),2000,2000,2007.5,2000,Martian
Ureilite,1999,1985,1992.5,1985,Ureilite
Eucrite-pmict,2007,2000,2007.5,2000,Eucrite
Lunar (feldsp. breccia),1998,1985,1992.5,1985,Lunar
Eucrite,2010,2000,2007.5,2000,Eucrite
Ureilite,2010,2000,2007.5,2000,Ureilite
Ureilite-pmict,1996,1985,1992.5,1985,Ureilite
Ureilite-pmict,1996,1985,1992.5,1985,Ureilite
Lunar (anorth),1997,1985,1992.5,1985,Lunar
Eucrite-pmict,1997,1985,1992.5,1985,Eucrite
Ureilite-pmict,1997,1985,1992.5,1985,Ureilite
Ureilite,1997,1985,1992.5,1985,Ureilite
Eucrite-mmict,1997,1985,1992.5,1985,Eucrite
Eucrite-pmict,1997,1985,1992.5,1985,Eucrite
Lunar (anorth),1998,1985,1992.5,1985,Lunar
Eucrite-pmict,1998,1985,1992.5,1985,Eucrite
Eucrite-pmict,1998,1985,1992.5,1985,Eucrite
Martian (shergottite),1998,1985,1992.5,1985,Martian
Eucrite,1998,1985,1992.5,1985,Eucrite
Ureilite,1997,1985,1992.5,1985,Ureilite
Martian (shergottite),1997,1985,1992.5,1985,Martian
Ureilite,1997,1985,1992.5,1985,Ureilite
Eucrite-mmict,1997,1985,1992.5,1985,Eucrite
Eucrite-mmict,1998,1985,1992.5,1985,Eucrite
Eucrite-mmict,1997,1985,1992.5,1985,Eucrite
Ureilite,1999,1985,1992.5,1985,Ureilite
Ureilite,1999,1985,1992.5,1985,Ureilite
Ureilite-pmict,1999,1985,1992.5,1985,Ureilite
Howardite,1999,1985,1992.5,1985,Howardite
Martian (shergottite),1999,1985,1992.5,1985,Martian
Howardite,1999,1985,1992.5,1985,Howardite
Ureilite,1999,1985,1992.5,1985,Ureilite
Ureilite,1999,1985,1992.5,1985,Ureilite
Eucrite,1999,1985,1992.5,1985,Eucrite
Ureilite,1999,1985,1992.5,1985,Ureilite
Ureilite,1999,1985,1992.5,1985,Ureilite
Martian (shergottite),1997,1985,1992.5,1985,Martian
Eucrite,1999,1985,1992.5,1985,Eucrite
Howardite,1999,1985,1992.5,1985,Howardite
Ureilite,2000,2000,2007.5,2000,Ureilite
Ureilite,2000,2000,2007.5,2000,Ureilite
Ureilite,2000,2000,2007.5,2000,Ureilite
Eucrite,1999,1985,1992.5,1985,Eucrite
Ureilite,1999,1985,1992.5,1985,Ureilite
Eucrite-pmict,1999,1985,1992.5,1985,Eucrite
Ureilite,2000,2000,2007.5,2000,Ureilite
Eucrite-mmict,2001,2000,2007.5,2000,Eucrite
Ureilite,2000,2000,2007.5,2000,Ureilite
Martian (shergottite),1998,1985,1992.5,1985,Martian
Ureilite,2000,2000,2007.5,2000,Ureilite
Howardite,2000,2000,2007.5,2000,Howardite
Ureilite,2000,2000,2007.5,2000,Ureilite
Howardite,2000,2000,2007.5,2000,Howardite
Ureilite,2000,2000,2007.5,2000,Ureilite
Howardite,2000,2000,2007.5,2000,Howardite
Eucrite,2000,2000,2007.5,2000,Eucrite
Eucrite,1999,1985,1992.5,1985,Eucrite
Martian (shergottite),1999,1985,1992.5,1985,Martian
Ureilite-pmict,1999,1985,1992.5,1985,Ureilite
Ureilite,2000,2000,2007.5,2000,Ureilite
Eucrite-pmict,2002,2000,2007.5,2000,Eucrite
Eucrite-pmict,2001,2000,2007.5,2000,Eucrite
Lunar (anorth),1999,1985,1992.5,1985,Lunar
Ureilite-pmict,2000,2000,2007.5,2000,Ureilite
Eucrite-mmict,1988,1985,1992.5,1985,Eucrite
Eucrite-cm,1999,1985,1992.5,1985,Eucrite
Howardite,2000,2000,2007.5,2000,Howardite
Martian (shergottite),2000,2000,2007.5,2000,Martian
Lunar (anorth),2000,2000,2007.5,2000,Lunar
Lunar (anorth),2000,2000,2007.5,2000,Lunar
Eucrite,1999,1985,1992.5,1985,Eucrite
Lunar (anorth),1999,1985,1992.5,1985,Lunar
Lunar (anorth),2003,2000,2007.5,2000,Lunar
Lunar (anorth),2003,2000,2007.5,2000,Lunar
Ureilite,2005,2000,2007.5,2000,Ureilite
Ureilite,2005,2000,2007.5,2000,Ureilite
Lunar,2005,2000,2007.5,2000,Lunar
Acapulcoite,2003,2000,2007.5,2000,Acapulcoite
Lunar (anorth),2003,2000,2007.5,2000,Lunar
Acapulcoite,2000,2000,2007.5,2000,Acapulcoite
Diogenite-pm,2005,2000,2007.5,2000,Diogenite
Ureilite,2002,2000,2007.5,2000,Ureilite
Eucrite-pmict,2005,2000,2007.5,2000,Eucrite
Howardite,2005,2000,2007.5,2000,Howardite
Ureilite,2002,2000,2007.5,2000,Ureilite
Ureilite,2000,2000,2007.5,2000,Ureilite
Ureilite,2001,2000,2007.5,2000,Ureilite
Lunar,2006,2000,2007.5,2000,Lunar
Eucrite-mmict,2006,2000,2007.5,2000,Eucrite
Lunar,2004,2000,2007.5,2000,Lunar
Eucrite-mmict,2003,2000,2007.5,2000,Eucrite
Eucrite-pmict,2003,2000,2007.5,2000,Eucrite
Lunar,2005,2000,2007.5,2000,Lunar
Lunar,2001,2000,2007.5,2000,Lunar
Eucrite-pmict,2003,2000,2007.5,2000,Eucrite
Eucrite-pmict,2003,2000,2007.5,2000,Eucrite
Eucrite-pmict,2003,2000,2007.5,2000,Eucrite
Eucrite-pmict,2003,2000,2007.5,2000,Eucrite
Eucrite-pmict,2003,2000,2007.5,2000,Eucrite
Eucrite-pmict,2003,2000,2007.5,2000,Eucrite
Eucrite-pmict,2003,2000,2007.5,2000,Eucrite
Eucrite-pmict,2003,2000,2007.5,2000,Eucrite
Eucrite-pmict,2003,2000,2007.5,2000,Eucrite
Eucrite-pmict,2003,2000,2007.5,2000,Eucrite
Ureilite,2008,2000,2007.5,2000,Ureilite
Lunar (feldsp. breccia),2009,2000,2007.5,2000,Lunar
Lunar (feldsp. breccia),2009,2000,2007.5,2000,Lunar
Ureilite,2006,2000,2007.5,2000,Ureilite
Ureilite,2009,2000,2007.5,2000,Ureilite
Ureilite,2009,2000,2007.5,2000,Ureilite
Eucrite-an,2006,2000,2007.5,2000,Eucrite
Lunar (feldsp. breccia),2010,2000,2007.5,2000,Lunar
Lunar (bas/anor),2007,2000,2007.5,2000,Lunar
Martian (shergottite),2011,2000,2007.5,2000,Martian
Lunar (feldsp. breccia),2010,2000,2007.5,2000,Lunar
Lunar (feldsp. breccia),2011,2000,2007.5,2000,Lunar
Martian (shergottite),2010,2000,2007.5,2000,Martian
Eucrite-pmict,2004,2000,2007.5,2000,Eucrite
Howardite,2001,2000,2007.5,2000,Howardite
Eucrite-mmict,2000,2000,2007.5,2000,Eucrite
Eucrite,2001,2000,2007.5,2000,Eucrite
Lunar (anorth),2001,2000,2007.5,2000,Lunar
Eucrite-pmict,2001,2000,2007.5,2000,Eucrite
Lunar (basalt),2001,2000,2007.5,2000,Lunar
Acapulcoite,2001,2000,2007.5,2000,Acapulcoite
Ureilite,2002,2000,2007.5,2000,Ureilite
Eucrite,2001,2000,2007.5,2000,Eucrite
Lunar (anorth),2001,2000,2007.5,2000,Lunar
Lunar (anorth),2001,2000,2007.5,2000,Lunar
Lunar (anorth),2001,2000,2007.5,2000,Lunar
Lunar (anorth),2001,2000,2007.5,2000,Lunar
Lunar (anorth),2001,2000,2007.5,2000,Lunar
Lunar (anorth),2001,2000,2007.5,2000,Lunar
Lunar (anorth),2001,2000,2007.5,2000,Lunar
Lunar (anorth),2001,2000,2007.5,2000,Lunar
Lunar (anorth),2002,2000,2007.5,2000,Lunar
Lunar (anorth),2002,2000,2007.5,2000,Lunar
Lunar (anorth),2001,2000,2007.5,2000,Lunar
Acapulcoite,2001,2000,2007.5,2000,Acapulcoite
Martian (shergottite),2000,2000,2007.5,2000,Martian
Howardite,2001,2000,2007.5,2000,Howardite
Lunar (anorth),2001,2000,2007.5,2000,Lunar
Lunar (anorth),2001,2000,2007.5,2000,Lunar
Lunar (anorth),2001,2000,2007.5,2000,Lunar
Lunar (anorth),2001,2000,2007.5,2000,Lunar
Lunar (anorth),2001,2000,2007.5,2000,Lunar
Lunar (anorth),2001,2000,2007.5,2000,Lunar
Lunar (anorth),2001,2000,2007.5,2000,Lunar
Lunar (anorth),2001,2000,2007.5,2000,Lunar
Lunar (anorth),2001,2000,2007.5,2000,Lunar
Lunar (anorth),2001,2000,2007.5,2000,Lunar
Lunar (anorth),2001,2000,2007.5,2000,Lunar
Lunar (anorth),2001,2000,2007.5,2000,Lunar
Eucrite,2001,2000,2007.5,2000,Eucrite
Howardite,2001,2000,2007.5,2000,Howardite
Lunar (anorth),2001,2000,2007.5,2000,Lunar
Lunar (anorth),2001,2000,2007.5,2000,Lunar
Ureilite,2001,2000,2007.5,2000,Ureilite
Diogenite,2002,2000,2007.5,2000,Diogenite
Lunar (anorth),2002,2000,2007.5,2000,Lunar
Lunar (anorth),2002,2000,2007.5,2000,Lunar
Lunar (anorth),2002,2000,2007.5,2000,Lunar
Diogenite,2000,2000,2007.5,2000,Diogenite
Ureilite,2000,2000,2007.5,2000,Ureilite
Ureilite,2000,2000,2007.5,2000,Ureilite
Lunar (anorth),2003,2000,2007.5,2000,Lunar
Lunar (anorth),2003,2000,2007.5,2000,Lunar
Lunar (basalt),2003,2000,2007.5,2000,Lunar
Eucrite-pmict,2003,2000,2007.5,2000,Eucrite
Lunar (anorth),2003,2000,2007.5,2000,Lunar
Lunar (anorth),2003,2000,2007.5,2000,Lunar
Lunar (anorth),2003,2000,2007.5,2000,Lunar
Ureilite,2004,2000,2007.5,2000,Ureilite
Ureilite,1965,1955,1962.5,1955,Ureilite
Eucrite-br,2008,2000,2007.5,2000,Eucrite
Eucrite-br,2008,2000,2007.5,2000,Eucrite
Eucrite-br,2008,2000,2007.5,2000,Eucrite
Eucrite-br,2008,2000,2007.5,2000,Eucrite
Ureilite,2008,2000,2007.5,2000,Ureilite
Eucrite-br,2008,2000,2007.5,2000,Eucrite
Ureilite,2008,2000,2007.5,2000,Ureilite
Howardite,2010,2000,2007.5,2000,Howardite
Eucrite-br,2010,2000,2007.5,2000,Eucrite
Howardite,2010,2000,2007.5,2000,Howardite
Howardite,2010,2000,2007.5,2000,Howardite
Diogenite,2010,2000,2007.5,2000,Diogenite
Howardite,2010,2000,2007.5,2000,Howardite
Howardite,2010,2000,2007.5,2000,Howardite
Howardite,2010,2000,2007.5,2000,Howardite
Angrite,1979,1970,1977.5,1970,Angrite
Brachinite,1960,1955,1962.5,1955,Brachinite
Ureilite,2000,2000,2007.5,2000,Ureilite
Acapulcoite,2011,2000,2007.5,2000,Acapulcoite
Eucrite-pmict,1982,1970,1977.5,1970,Eucrite
Eucrite-pmict,1983,1970,1977.5,1970,Eucrite
Ureilite,1983,1970,1977.5,1970,Ureilite
Eucrite-pmict,1983,1970,1977.5,1970,Eucrite
Eucrite-pmict,1983,1970,1977.5,1970,Eucrite
Eucrite-pmict,1983,1970,1977.5,1970,Eucrite
Eucrite-pmict,1983,1970,1977.5,1970,Eucrite
Eucrite-pmict,1983,1970,1977.5,1970,Eucrite
Eucrite-pmict,1983,1970,1977.5,1970,Eucrite
Eucrite-pmict,1983,1970,1977.5,1970,Eucrite
Eucrite-pmict,1983,1970,1977.5,1970,Eucrite
Diogenite,1983,1970,1977.5,1970,Diogenite
Diogenite,1983,1970,1977.5,1970,Diogenite
Eucrite-pmict,1983,1970,1977.5,1970,Eucrite
Eucrite-pmict,1983,1970,1977.5,1970,Eucrite
Ureilite-pmict,1983,1970,1977.5,1970,Ureilite
Howardite,1983,1970,1977.5,1970,Howardite
Acapulcoite/Lodranite,1984,1970,1977.5,1970,Acapulcoite
Howardite,1987,1985,1992.5,1985,Howardite
Eucrite-pmict,1987,1985,1992.5,1985,Eucrite
Eucrite-pmict,1987,1985,1992.5,1985,Eucrite
Ureilite,1987,1985,1992.5,1985,Ureilite
Howardite,1987,1985,1992.5,1985,Howardite
Howardite,1987,1985,1992.5,1985,Howardite
Ureilite,1987,1985,1992.5,1985,Ureilite
Eucrite-pmict,1987,1985,1992.5,1985,Eucrite
Eucrite-Mg rich,1987,1985,1992.5,1985,Eucrite
Lunar (basalt),1987,1985,1992.5,1985,Lunar
Ureilite,1987,1985,1992.5,1985,Ureilite
Howardite,1987,1985,1992.5,1985,Howardite
Diogenite,1987,1985,1992.5,1985,Diogenite
Eucrite-pmict,1987,1985,1992.5,1985,Eucrite
Eucrite-pmict,1987,1985,1992.5,1985,Eucrite
Eucrite-br,1987,1985,1992.5,1985,Eucrite
Eucrite-Mg rich,1987,1985,1992.5,1985,Eucrite
Ureilite,1987,1985,1992.5,1985,Ureilite
Ureilite-pmict,1987,1985,1992.5,1985,Ureilite
Ureilite,1990,1985,1992.5,1985,Ureilite
Eucrite-unbr,1990,1985,1992.5,1985,Eucrite
Eucrite-br,1990,1985,1992.5,1985,Eucrite
Eucrite-unbr,1990,1985,1992.5,1985,Eucrite
Aubrite,1990,1985,1992.5,1985,Aubrite
Aubrite,1990,1985,1992.5,1985,Aubrite
Eucrite-br,1992,1985,1992.5,1985,Eucrite
Eucrite-unbr,1992,1985,1992.5,1985,Eucrite
Howardite,1992,1985,1992.5,1985,Howardite
Howardite,1992,1985,1992.5,1985,Howardite
Howardite,1992,1985,1992.5,1985,Howardite
Eucrite-unbr,1992,1985,1992.5,1985,Eucrite
Eucrite-br,1992,1985,1992.5,1985,Eucrite
Eucrite-br,1992,1985,1992.5,1985,Eucrite
Eucrite-br,1992,1985,1992.5,1985,Eucrite
Ureilite,1996,1985,1992.5,1985,Ureilite
Howardite,1996,1985,1992.5,1985,Howardite
Howardite,1996,1985,1992.5,1985,Howardite
Howardite,1996,1985,1992.5,1985,Howardite
Lunar (basalt),1996,1985,1992.5,1985,Lunar
Ureilite,1996,1985,1992.5,1985,Ureilite
Ureilite,1996,1985,1992.5,1985,Ureilite
Ureilite,1996,1985,1992.5,1985,Ureilite
Ureilite,1996,1985,1992.5,1985,Ureilite
Ureilite,1996,1985,1992.5,1985,Ureilite
Ureilite,1996,1985,1992.5,1985,Ureilite
Ureilite,1996,1985,1992.5,1985,Ureilite
Howardite,1999,1985,1992.5,1985,Howardite
Brachinite,1999,1985,1992.5,1985,Brachinite
Brachinite,1999,1985,1992.5,1985,Brachinite
Howardite,1999,1985,1992.5,1985,Howardite
Howardite,1999,1985,1992.5,1985,Howardite
Martian (shergottite),1979,1970,1977.5,1970,Martian
Diogenite,1979,1970,1977.5,1970,Diogenite
Eucrite-pmict,1979,1970,1977.5,1970,Eucrite
Eucrite-pmict,1979,1970,1977.5,1970,Eucrite
Eucrite-pmict,1979,1970,1977.5,1970,Eucrite
Eucrite-pmict,1979,1970,1977.5,1970,Eucrite
Winonaite,1998,1985,1992.5,1985,Winonaite
Ureilite,2001,2000,2007.5,2000,Ureilite
Ureilite,2001,2000,2007.5,2000,Ureilite
Ureilite,2001,2000,2007.5,2000,Ureilite
Ureilite,2001,2000,2007.5,2000,Ureilite
Ureilite,2001,2000,2007.5,2000,Ureilite
Lodranite,2003,2000,2007.5,2000,Lodranite
Ureilite-pmict,2003,2000,2007.5,2000,Ureilite
Ureilite,2011,2000,2007.5,2000,Ureilite
Ureilite,2011,2000,2007.5,2000,Ureilite
Lodranite,1990,1985,1992.5,1985,Lodranite
Ureilite,1990,1985,1992.5,1985,Ureilite
Ureilite,1990,1985,1992.5,1985,Ureilite
Ureilite,1990,1985,1992.5,1985,Ureilite
Eucrite,1990,1985,1992.5,1985,Eucrite
Ureilite-pmict,1990,1985,1992.5,1985,Ureilite
Ureilite,1990,1985,1992.5,1985,Ureilite
Ureilite,1990,1985,1992.5,1985,Ureilite
Acapulcoite/Lodranite,1993,1985,1992.5,1985,Acapulcoite
Ureilite,1993,1985,1992.5,1985,Ureilite
Ureilite,1995,1985,1992.5,1985,Ureilite
Acapulcoite,1995,1985,1992.5,1985,Acapulcoite
Ureilite,1997,1985,1992.5,1985,Ureilite
Eucrite-pmict,1997,1985,1992.5,1985,Eucrite
Lodranite,1999,1985,1992.5,1985,Lodranite
Howardite,1999,1985,1992.5,1985,Howardite
Lodranite,1991,1985,1992.5,1985,Lodranite
Ureilite,1868,1865,1872.5,1865,Ureilite
Martian (nakhlite),1958,1955,1962.5,1955,Martian
Lunar (anorth),2006,2000,2007.5,2000,Lunar
Eucrite-unbr,2006,2000,2007.5,2000,Eucrite
Ureilite,1995,1985,1992.5,1985,Ureilite
Lodranite,1995,1985,1992.5,1985,Lodranite
Eucrite-br,1998,1985,1992.5,1985,Eucrite
Eucrite-br,1998,1985,1992.5,1985,Eucrite
Eucrite-br,1998,1985,1992.5,1985,Eucrite
Acapulcoite,1998,1985,1992.5,1985,Acapulcoite
Howardite,1998,1985,1992.5,1985,Howardite
Ureilite,1998,1985,1992.5,1985,Ureilite
Eucrite-br,1998,1985,1992.5,1985,Eucrite
Eucrite-br,1998,1985,1992.5,1985,Eucrite
Eucrite-br,1998,1985,1992.5,1985,Eucrite
Eucrite-br,1998,1985,1992.5,1985,Eucrite
Eucrite-br,1998,1985,1992.5,1985,Eucrite
Eucrite-br,1998,1985,1992.5,1985,Eucrite
Eucrite-br,1998,1985,1992.5,1985,Eucrite
Eucrite-br,1998,1985,1992.5,1985,Eucrite
Eucrite-br,1998,1985,1992.5,1985,Eucrite
Eucrite-br,1998,1985,1992.5,1985,Eucrite
Eucrite-br,1998,1985,1992.5,1985,Eucrite
Eucrite-br,1998,1985,1992.5,1985,Eucrite
Eucrite-unbr,1998,1985,1992.5,1985,Eucrite
Eucrite-br,1998,1985,1992.5,1985,Eucrite
Diogenite,1998,1985,1992.5,1985,Diogenite
Eucrite-br,1998,1985,1992.5,1985,Eucrite
Eucrite-br,1998,1985,1992.5,1985,Eucrite
Eucrite-br,1998,1985,1992.5,1985,Eucrite
Eucrite-br,1998,1985,1992.5,1985,Eucrite
Eucrite-br,1998,1985,1992.5,1985,Eucrite
Eucrite-br,1998,1985,1992.5,1985,Eucrite
Howardite,1998,1985,1992.5,1985,Howardite
Acapulcoite,2006,2000,2007.5,2000,Acapulcoite
Eucrite-br,2006,2000,2007.5,2000,Eucrite
Eucrite-br,1995,1985,1992.5,1985,Eucrite
Howardite,1995,1985,1992.5,1985,Howardite
Howardite,1995,1985,1992.5,1985,Howardite
Diogenite-an,1995,1985,1992.5,1985,Diogenite
Howardite,1995,1985,1992.5,1985,Howardite
Ureilite,1995,1985,1992.5,1985,Ureilite
Howardite,1995,1985,1992.5,1985,Howardite
Howardite,1995,1985,1992.5,1985,Howardite
Ureilite,1995,1985,1992.5,1985,Ureilite
Howardite,1995,1985,1992.5,1985,Howardite
Martian (shergottite),2003,2000,2007.5,2000,Martian
Ureilite,2003,2000,2007.5,2000,Ureilite
Acapulcoite,2003,2000,2007.5,2000,Acapulcoite
Ureilite,2003,2000,2007.5,2000,Ureilite
Ureilite,2003,2000,2007.5,2000,Ureilite
Ureilite,2003,2000,2007.5,2000,Ureilite
Ureilite,2003,2000,2007.5,2000,Ureilite
Winonaite,2003,2000,2007.5,2000,Winonaite
Ureilite,2003,2000,2007.5,2000,Ureilite
Ureilite,2003,2000,2007.5,2000,Ureilite
Ureilite,2003,2000,2007.5,2000,Ureilite
Eucrite-mmict,2006,2000,2007.5,2000,Eucrite
Ureilite,2006,2000,2007.5,2000,Ureilite
Ureilite,2006,2000,2007.5,2000,Ureilite
Ureilite,2010,2000,2007.5,2000,Ureilite
Eucrite,2000,2000,2007.5,2000,Eucrite
Martian (shergottite),2000,2000,2007.5,2000,Martian
Ureilite,1958,1955,1962.5,1955,Ureilite
Eucrite-mmict,1994,1985,1992.5,1985,Eucrite
Ureilite,1994,1985,1992.5,1985,Ureilite
Ureilite,1995,1985,1992.5,1985,Ureilite
Winonaite,1996,1985,1992.5,1985,Winonaite
Eucrite,2000,2000,2007.5,2000,Eucrite
Eucrite,2000,2000,2007.5,2000,Eucrite
Howardite,2000,2000,2007.5,2000,Howardite
Eucrite,2000,2000,2007.5,2000,Eucrite
Howardite,1991,1985,1992.5,1985,Howardite
Howardite,1991,1985,1992.5,1985,Howardite
Ureilite,1991,1985,1992.5,1985,Ureilite
Ureilite,1991,1985,1992.5,1985,Ureilite
Brachinite,1995,1985,1992.5,1985,Brachinite
Eucrite-mmict,2000,2000,2007.5,2000,Eucrite
Ureilite,2004,2000,2007.5,2000,Ureilite
Eucrite,2000,2000,2007.5,2000,Eucrite
Diogenite,2006,2000,2007.5,2000,Diogenite
Lunar,2006,2000,2007.5,2000,Lunar
Diogenite,2000,2000,2007.5,2000,Diogenite
Eucrite,2006,2000,2007.5,2000,Eucrite
Eucrite,2006,2000,2007.5,2000,Eucrite
Eucrite,2007,2000,2007.5,2000,Eucrite
Eucrite,2007,2000,2007.5,2000,Eucrite
Ureilite,2007,2000,2007.5,2000,Ureilite
Ureilite,2007,2000,2007.5,2000,Ureilite
Martian (shergottite),2008,2000,2007.5,2000,Martian
Howardite,2008,2000,2007.5,2000,Howardite
Eucrite-pmict,2010,2000,2007.5,2000,Eucrite
Ureilite,2011,2000,2007.5,2000,Ureilite
Lunar (anorth),1999,1985,1992.5,1985,Lunar
Lunar (basalt),1999,1985,1992.5,1985,Lunar
Ureilite,1972,1970,1977.5,1970,Ureilite
Martian (shergottite),2010,2000,2007.5,2000,Martian
Martian (nakhlite),1931,1925,1932.5,1925,Martian
Eucrite-cm,1992,1985,1992.5,1985,Eucrite
Lunar (basalt),2002,2000,2007.5,2000,Lunar
Diogenite,2002,2000,2007.5,2000,Diogenite
Lunar (basalt),2002,2000,2007.5,2000,Lunar
Lunar (basalt),2002,2000,2007.5,2000,Lunar
Aubrite,2002,2000,2007.5,2000,Aubrite
Ureilite,2002,2000,2007.5,2000,Ureilite
Lunar (basalt),2002,2000,2007.5,2000,Lunar
Diogenite,2003,2000,2007.5,2000,Diogenite
Eucrite-br,2003,2000,2007.5,2000,Eucrite
Ureilite,2003,2000,2007.5,2000,Ureilite
Eucrite-br,2003,2000,2007.5,2000,Eucrite
Eucrite-br,2003,2000,2007.5,2000,Eucrite
Aubrite,2003,2000,2007.5,2000,Aubrite
Eucrite-br,2003,2000,2007.5,2000,Eucrite
Diogenite,2003,2000,2007.5,2000,Diogenite
Eucrite-br,2003,2000,2007.5,2000,Eucrite
Acapulcoite,2003,2000,2007.5,2000,Acapulcoite
Ureilite,2003,2000,2007.5,2000,Ureilite
Aubrite,2003,2000,2007.5,2000,Aubrite
Eucrite-br,2003,2000,2007.5,2000,Eucrite
Diogenite,2003,2000,2007.5,2000,Diogenite
Diogenite,2003,2000,2007.5,2000,Diogenite
Ureilite,2003,2000,2007.5,2000,Ureilite
Diogenite,2003,2000,2007.5,2000,Diogenite
Lunar (basalt),2003,2000,2007.5,2000,Lunar
Aubrite-an,2003,2000,2007.5,2000,Aubrite
Ureilite,2003,2000,2007.5,2000,Ureilite
Ureilite,2003,2000,2007.5,2000,Ureilite
Aubrite,2003,2000,2007.5,2000,Aubrite
Diogenite,2003,2000,2007.5,2000,Diogenite
Eucrite-unbr,2003,2000,2007.5,2000,Eucrite
Diogenite,2003,2000,2007.5,2000,Diogenite
Diogenite,2003,2000,2007.5,2000,Diogenite
Ureilite,2004,2000,2007.5,2000,Ureilite
Diogenite,2004,2000,2007.5,2000,Diogenite
Diogenite,2004,2000,2007.5,2000,Diogenite
Howardite,2004,2000,2007.5,2000,Howardite
Diogenite,2004,2000,2007.5,2000,Diogenite
Lunar (basalt),2004,2000,2007.5,2000,Lunar
Diogenite,2004,2000,2007.5,2000,Diogenite
Eucrite-br,2004,2000,2007.5,2000,Eucrite
Howardite,2010,2000,2007.5,2000,Howardite
Diogenite,1991,1985,1992.5,1985,Diogenite
Ureilite-an,2003,2000,2007.5,2000,Ureilite
Aubrite,2003,2000,2007.5,2000,Aubrite
Martian (shergottite),2006,2000,2007.5,2000,Martian
Acapulcoite/Lodranite,2006,2000,2007.5,2000,Acapulcoite
Ureilite,2006,2000,2007.5,2000,Ureilite
Howardite,2006,2000,2007.5,2000,Howardite
Lunar (anorth),2006,2000,2007.5,2000,Lunar
Ureilite,2006,2000,2007.5,2000,Ureilite
Eucrite-br,2006,2000,2007.5,2000,Eucrite
Eucrite-br,2006,2000,2007.5,2000,Eucrite
Aubrite-an,1977,1970,1977.5,1970,Aubrite
Howardite,1994,1985,1992.5,1985,Howardite
Eucrite-pmict,1985,1985,1992.5,1985,Eucrite
Eucrite-pmict,1985,1985,1992.5,1985,Eucrite
Eucrite-pmict,1985,1985,1992.5,1985,Eucrite
Eucrite-unbr,1985,1985,1992.5,1985,Eucrite
Howardite,1985,1985,1992.5,1985,Howardite
Ureilite,1985,1985,1992.5,1985,Ureilite
Eucrite-unbr,1985,1985,1992.5,1985,Eucrite
Ureilite,1985,1985,1992.5,1985,Ureilite
Howardite,1985,1985,1992.5,1985,Howardite
Eucrite-pmict,1986,1985,1992.5,1985,Eucrite
Eucrite-br,1986,1985,1992.5,1985,Eucrite
Eucrite-pmict,1986,1985,1992.5,1985,Eucrite
Angrite,1986,1985,1992.5,1985,Angrite
Ureilite,1986,1985,1992.5,1985,Ureilite
Acapulcoite/Lodranite,1986,1985,1992.5,1985,Acapulcoite
Eucrite-Mg rich,1987,1985,1992.5,1985,Eucrite
Eucrite-pmict,1987,1985,1992.5,1985,Eucrite
Howardite,1987,1985,1992.5,1985,Howardite
Aubrite,1987,1985,1992.5,1985,Aubrite
Eucrite-unbr,1987,1985,1992.5,1985,Eucrite
Aubrite,1987,1985,1992.5,1985,Aubrite
Aubrite,1987,1985,1992.5,1985,Aubrite
Howardite,1987,1985,1992.5,1985,Howardite
Aubrite,1987,1985,1992.5,1985,Aubrite
Aubrite,1987,1985,1992.5,1985,Aubrite
Aubrite,1987,1985,1992.5,1985,Aubrite
Aubrite,1987,1985,1992.5,1985,Aubrite
Aubrite,1987,1985,1992.5,1985,Aubrite
Eucrite-pmict,1987,1985,1992.5,1985,Eucrite
Angrite,1987,1985,1992.5,1985,Angrite
Howardite,1987,1985,1992.5,1985,Howardite
Aubrite,1987,1985,1992.5,1985,Aubrite
Ureilite,1987,1985,1992.5,1985,Ureilite
Aubrite,1987,1985,1992.5,1985,Aubrite
Eucrite-pmict,1987,1985,1992.5,1985,Eucrite
Eucrite-pmict,1988,1985,1992.5,1985,Eucrite
Ureilite,1988,1985,1992.5,1985,Ureilite
Eucrite-pmict,1988,1985,1992.5,1985,Eucrite
Diogenite,1988,1985,1992.5,1985,Diogenite
Eucrite-unbr,1988,1985,1992.5,1985,Eucrite
Eucrite-unbr,1988,1985,1992.5,1985,Eucrite
Diogenite,1988,1985,1992.5,1985,Diogenite
Ureilite,1988,1985,1992.5,1985,Ureilite
Ureilite,1988,1985,1992.5,1985,Ureilite
Lodranite,1988,1985,1992.5,1985,Lodranite
Ureilite,1988,1985,1992.5,1985,Ureilite
Martian (shergottite),1988,1985,1992.5,1985,Martian
Diogenite,1988,1985,1992.5,1985,Diogenite
Brachinite,1988,1985,1992.5,1985,Brachinite
Ureilite,1988,1985,1992.5,1985,Ureilite
Ureilite-an,1988,1985,1992.5,1985,Ureilite
Ureilite,1997,1985,1992.5,1985,Ureilite
Martian (shergottite),1999,1985,1992.5,1985,Martian
Diogenite-pm,2009,2000,2007.5,2000,Diogenite
Lunar,2010,2000,2007.5,2000,Lunar
Eucrite-unbr,2002,2000,2007.5,2000,Eucrite
Eucrite-br,2002,2000,2007.5,2000,Eucrite
Howardite,2002,2000,2007.5,2000,Howardite
Howardite,2002,2000,2007.5,2000,Howardite
Eucrite-unbr,2004,2000,2007.5,2000,Eucrite
Acapulcoite/lodranite,2004,2000,2007.5,2000,Acapulcoite
Howardite,2004,2000,2007.5,2000,Howardite
Lunar (anorth),1988,1985,1992.5,1985,Lunar
Lunar (anorth),1988,1985,1992.5,1985,Lunar
Lodranite,1988,1985,1992.5,1985,Lodranite
Howardite,1971,1970,1977.5,1970,Howardite
Diogenite,2000,2000,2007.5,2000,Diogenite
Diogenite,2000,2000,2007.5,2000,Diogenite
Howardite,2000,2000,2007.5,2000,Howardite
Diogenite,2000,2000,2007.5,2000,Diogenite
Diogenite,2000,2000,2007.5,2000,Diogenite
Howardite,2000,2000,2007.5,2000,Howardite
Diogenite,2000,2000,2007.5,2000,Diogenite
Howardite,2000,2000,2007.5,2000,Howardite
Diogenite,2000,2000,2007.5,2000,Diogenite
Eucrite-unbr,2001,2000,2007.5,2000,Eucrite
Howardite,2001,2000,2007.5,2000,Howardite
Ureilite,2001,2000,2007.5,2000,Ureilite
Diogenite,2001,2000,2007.5,2000,Diogenite
Ureilite-an,2001,2000,2007.5,2000,Ureilite
Eucrite-unbr,2001,2000,2007.5,2000,Eucrite
Howardite,2001,2000,2007.5,2000,Howardite
Acapulcoite,2001,2000,2007.5,2000,Acapulcoite
Acapulcoite,2001,2000,2007.5,2000,Acapulcoite
Lunar (anorth),2001,2000,2007.5,2000,Lunar
Acapulcoite,2001,2000,2007.5,2000,Acapulcoite
Acapulcoite,2001,2000,2007.5,2000,Acapulcoite
Acapulcoite,2001,2000,2007.5,2000,Acapulcoite
Howardite,1996,1985,1992.5,1985,Howardite
Ureilite,1978,1970,1977.5,1970,Ureilite
Martian (nakhlite),2003,2000,2007.5,2000,Martian
Diogenite,2003,2000,2007.5,2000,Diogenite
Lunar (basalt),2005,2000,2007.5,2000,Lunar
Eucrite-br,2005,2000,2007.5,2000,Eucrite
Howardite,2005,2000,2007.5,2000,Howardite
Howardite,2005,2000,2007.5,2000,Howardite
Howardite,2005,2000,2007.5,2000,Howardite
Diogenite-olivine,2007,2000,2007.5,2000,Diogenite
Diogenite,2007,2000,2007.5,2000,Diogenite
Eucrite-br,2007,2000,2007.5,2000,Eucrite
Lunar (feldsp. breccia),2007,2000,2007.5,2000,Lunar
Howardite,2007,2000,2007.5,2000,Howardite
Aubrite,2007,2000,2007.5,2000,Aubrite
Howardite,2007,2000,2007.5,2000,Howardite
Eucrite-br,2007,2000,2007.5,2000,Eucrite
Acapulcoite/lodranite,2007,2000,2007.5,2000,Acapulcoite
Acapulcoite/Lodranite,2007,2000,2007.5,2000,Acapulcoite
Ureilite,2007,2000,2007.5,2000,Ureilite
Acapulcoite,2007,2000,2007.5,2000,Acapulcoite
Diogenite,2007,2000,2007.5,2000,Diogenite
Eucrite,2007,2000,2007.5,2000,Eucrite
Eucrite-br,2007,2000,2007.5,2000,Eucrite
Howardite,2007,2000,2007.5,2000,Howardite
Eucrite-br,2007,2000,2007.5,2000,Eucrite
Howardite,2007,2000,2007.5,2000,Howardite
Howardite,2007,2000,2007.5,2000,Howardite
Howardite,2007,2000,2007.5,2000,Howardite
Martian (nakhlite),2009,2000,2007.5,2000,Martian
Ureilite,2009,2000,2007.5,2000,Ureilite
Martian (nakhlite),2009,2000,2007.5,2000,Martian
Lunar (anorth),2009,2000,2007.5,2000,Lunar
Lunar (anorth),2009,2000,2007.5,2000,Lunar
Lunar (anorth),2009,2000,2007.5,2000,Lunar
Lunar (anorth),2009,2000,2007.5,2000,Lunar
Ureilite,2009,2000,2007.5,2000,Ureilite
Diogenite,2009,2000,2007.5,2000,Diogenite
Diogenite,2009,2000,2007.5,2000,Diogenite
Diogenite,2009,2000,2007.5,2000,Diogenite
Diogenite,2009,2000,2007.5,2000,Diogenite
Martian (nakhlite),2009,2000,2007.5,2000,Martian
Howardite,2009,2000,2007.5,2000,Howardite
Diogenite,2009,2000,2007.5,2000,Diogenite
Diogenite,2009,2000,2007.5,2000,Diogenite
Diogenite,2009,2000,2007.5,2000,Diogenite
Diogenite,2009,2000,2007.5,2000,Diogenite
Howardite,2009,2000,2007.5,2000,Howardite
Eucrite,2009,2000,2007.5,2000,Eucrite
Ureilite,2009,2000,2007.5,2000,Ureilite
Diogenite,2009,2000,2007.5,2000,Diogenite
Lodranite,2009,2000,2007.5,2000,Lodranite
Eucrite-br,2011,2000,2007.5,2000,Eucrite
Diogenite,2011,2000,2007.5,2000,Diogenite
Howardite,2011,2000,2007.5,2000,Howardite
Diogenite,2011,2000,2007.5,2000,Diogenite
Diogenite,2011,2000,2007.5,2000,Diogenite
Diogenite,2011,2000,2007.5,2000,Diogenite
Diogenite,2011,2000,2007.5,2000,Diogenite
Diogenite,2011,2000,2007.5,2000,Diogenite
Diogenite,2011,2000,2007.5,2000,Diogenite
Diogenite,2011,2000,2007.5,2000,Diogenite
Eucrite-br,2011,2000,2007.5,2000,Eucrite
Eucrite-br,2011,2000,2007.5,2000,Eucrite
Howardite,2011,2000,2007.5,2000,Howardite
Howardite,2011,2000,2007.5,2000,Howardite
Eucrite-cm,1940,1940,1947.5,1940,Eucrite
Howardite,1982,1970,1977.5,1970,Howardite
Acapulcoite,1985,1985,1992.5,1985,Acapulcoite
Howardite,2001,2000,2007.5,2000,Howardite
Aubrite-an,1941,1940,1947.5,1940,Aubrite
Eucrite-br,1988,1985,1992.5,1985,Eucrite
Howardite,2004,2000,2007.5,2000,Howardite
Howardite,2004,2000,2007.5,2000,Howardite
Howardite,1950,1940,1947.5,1940,Howardite
Howardite,1991,1985,1992.5,1985,Howardite
Howardite,1990,1985,1992.5,1985,Howardite
Howardite,1989,1985,1992.5,1985,Howardite
Ureilite-pmict,1975,1970,1977.5,1970,Ureilite
Ureilite-pmict,1961,1955,1962.5,1955,Ureilite
Lunar (anorth),2002,2000,2007.5,2000,Lunar
Lunar (bas. breccia),2000,2000,2007.5,2000,Lunar
Lunar (basalt),1999,1985,1992.5,1985,Lunar
Eucrite,2000,2000,2007.5,2000,Eucrite
Eucrite-pmict,2000,2000,2007.5,2000,Eucrite
Eucrite,2001,2000,2007.5,2000,Eucrite
Ureilite,2001,2000,2007.5,2000,Ureilite
Acapulcoite,2001,2000,2007.5,2000,Acapulcoite
Acapulcoite,2001,2000,2007.5,2000,Acapulcoite
Martian (shergottite),2001,2000,2007.5,2000,Martian
Eucrite-pmict,2001,2000,2007.5,2000,Eucrite
Martian (shergottite),2001,2000,2007.5,2000,Martian
Howardite,2000,2000,2007.5,2000,Howardite
Howardite,2001,2000,2007.5,2000,Howardite
Howardite,2000,2000,2007.5,2000,Howardite
Martian (shergottite),2002,2000,2007.5,2000,Martian
Eucrite,2001,2000,2007.5,2000,Eucrite
Aubrite-an,2000,2000,2007.5,2000,Aubrite
Eucrite-cm,2001,2000,2007.5,2000,Eucrite
Ureilite,2001,2000,2007.5,2000,Ureilite
Ureilite,2002,2000,2007.5,2000,Ureilite
Howardite,2001,2000,2007.5,2000,Howardite
Angrite,2001,2000,2007.5,2000,Angrite
Eucrite-pmict,2001,2000,2007.5,2000,Eucrite
Winonaite,2002,2000,2007.5,2000,Winonaite
Diogenite,2002,2000,2007.5,2000,Diogenite
Martian (shergottite),2002,2000,2007.5,2000,Martian
Diogenite,2002,2000,2007.5,2000,Diogenite
Ureilite,2002,2000,2007.5,2000,Ureilite
Winonaite,2000,2000,2007.5,2000,Winonaite
Ureilite,2001,2000,2007.5,2000,Ureilite
Eucrite,2001,2000,2007.5,2000,Eucrite
Ureilite,2001,2000,2007.5,2000,Ureilite
Eucrite-mmict,2001,2000,2007.5,2000,Eucrite
Ureilite,2002,2000,2007.5,2000,Ureilite
Acapulcoite,1998,1985,1992.5,1985,Acapulcoite
Eucrite-pmict,2001,2000,2007.5,2000,Eucrite
Eucrite-cm,2002,2000,2007.5,2000,Eucrite
Eucrite,2002,2000,2007.5,2000,Eucrite
Diogenite-pm,2002,2000,2007.5,2000,Diogenite
Eucrite-pmict,2002,2000,2007.5,2000,Eucrite
Eucrite-pmict,2002,2000,2007.5,2000,Eucrite
Howardite,2002,2000,2007.5,2000,Howardite
Eucrite-mmict,2002,2000,2007.5,2000,Eucrite
Howardite,2002,2000,2007.5,2000,Howardite
Eucrite-pmict,2002,2000,2007.5,2000,Eucrite
Diogenite,2002,2000,2007.5,2000,Diogenite
Martian (shergottite),2003,2000,2007.5,2000,Martian
Angrite,2003,2000,2007.5,2000,Angrite
Eucrite,2002,2000,2007.5,2000,Eucrite
Howardite,2001,2000,2007.5,2000,Howardite
Eucrite-pmict,2001,2000,2007.5,2000,Eucrite
Eucrite-mmict,2001,2000,2007.5,2000,Eucrite
Eucrite-mmict,2001,2000,2007.5,2000,Eucrite
Eucrite-mmict,2001,2000,2007.5,2000,Eucrite
Eucrite-pmict,2002,2000,2007.5,2000,Eucrite
Howardite,2001,2000,2007.5,2000,Howardite
Eucrite-mmict,2001,2000,2007.5,2000,Eucrite
Martian (shergottite),2002,2000,2007.5,2000,Martian
Eucrite-pmict,2002,2000,2007.5,2000,Eucrite
Ureilite,2002,2000,2007.5,2000,Ureilite
Ureilite,2000,2000,2007.5,2000,Ureilite
Eucrite-mmict,1999,1985,1992.5,1985,Eucrite
Eucrite-pmict,2002,2000,2007.5,2000,Eucrite
Howardite,2003,2000,2007.5,2000,Howardite
Diogenite,2003,2000,2007.5,2000,Diogenite
Eucrite-pmict,2003,2000,2007.5,2000,Eucrite
Eucrite-cm,2002,2000,2007.5,2000,Eucrite
Ureilite,2002,2000,2007.5,2000,Ureilite
Eucrite,2002,2000,2007.5,2000,Eucrite
Eucrite,2002,2000,2007.5,2000,Eucrite
Ureilite,2003,2000,2007.5,2000,Ureilite
Diogenite-an,2003,2000,2007.5,2000,Diogenite
Diogenite,2002,2000,2007.5,2000,Diogenite
Eucrite,2002,2000,2007.5,2000,Eucrite
Eucrite-cm,2002,2000,2007.5,2000,Eucrite
Eucrite-mmict,2002,2000,2007.5,2000,Eucrite
Ureilite,2002,2000,2007.5,2000,Ureilite
Howardite,2002,2000,2007.5,2000,Howardite
Eucrite,2003,2000,2007.5,2000,Eucrite
Eucrite,2003,2000,2007.5,2000,Eucrite
Eucrite,2002,2000,2007.5,2000,Eucrite
Ureilite-pmict,2003,2000,2007.5,2000,Ureilite
Howardite,2003,2000,2007.5,2000,Howardite
Howardite,2003,2000,2007.5,2000,Howardite
Howardite,2002,2000,2007.5,2000,Howardite
Howardite,2002,2000,2007.5,2000,Howardite
Martian (shergottite),2001,2000,2007.5,2000,Martian
Eucrite-pmict,2003,2000,2007.5,2000,Eucrite
Eucrite-mmict,2003,2000,2007.5,2000,Eucrite
Eucrite-pmict,2002,2000,2007.5,2000,Eucrite
Eucrite-mmict,2002,2000,2007.5,2000,Eucrite
Eucrite-pmict,2002,2000,2007.5,2000,Eucrite
Diogenite,2002,2000,2007.5,2000,Diogenite
Diogenite,2002,2000,2007.5,2000,Diogenite
Martian (shergottite),2003,2000,2007.5,2000,Martian
Diogenite,2003,2000,2007.5,2000,Diogenite
Diogenite-pm,2003,2000,2007.5,2000,Diogenite
Howardite,2003,2000,2007.5,2000,Howardite
Eucrite,2003,2000,2007.5,2000,Eucrite
Eucrite,2003,2000,2007.5,2000,Eucrite
Eucrite-mmict,2003,2000,2007.5,2000,Eucrite
Eucrite-cm,2003,2000,2007.5,2000,Eucrite
Eucrite-mmict,2003,2000,2007.5,2000,Eucrite
Eucrite-mmict,2003,2000,2007.5,2000,Eucrite
Eucrite-mmict,2002,2000,2007.5,2000,Eucrite
Diogenite,2003,2000,2007.5,2000,Diogenite
Ureilite,2003,2000,2007.5,2000,Ureilite
Ureilite,2003,2000,2007.5,2000,Ureilite
Ureilite,2002,2000,2007.5,2000,Ureilite
Eucrite,2003,2000,2007.5,2000,Eucrite
Eucrite,2003,2000,2007.5,2000,Eucrite
Diogenite,2003,2000,2007.5,2000,Diogenite
Eucrite,2003,2000,2007.5,2000,Eucrite
Eucrite,2003,2000,2007.5,2000,Eucrite
Eucrite,2004,2000,2007.5,2000,Eucrite
Eucrite,2003,2000,2007.5,2000,Eucrite
Howardite,2003,2000,2007.5,2000,Howardite
Eucrite,2003,2000,2007.5,2000,Eucrite
Eucrite,2003,2000,2007.5,2000,Eucrite
Lunar,2004,2000,2007.5,2000,Lunar
Eucrite,2005,2000,2007.5,2000,Eucrite
Eucrite-pmict,2004,2000,2007.5,2000,Eucrite
Ureilite,2001,2000,2007.5,2000,Ureilite
Ureilite,2006,2000,2007.5,2000,Ureilite
Diogenite,2006,2000,2007.5,2000,Diogenite
Eucrite,2003,2000,2007.5,2000,Eucrite
Ureilite,2005,2000,2007.5,2000,Ureilite
Ureilite,2004,2000,2007.5,2000,Ureilite
Ureilite,2003,2000,2007.5,2000,Ureilite
Ureilite,2000,2000,2007.5,2000,Ureilite
Lodranite,2000,2000,2007.5,2000,Lodranite
Ureilite,1999,1985,1992.5,1985,Ureilite
Eucrite-pmict,2003,2000,2007.5,2000,Eucrite
Eucrite-pmict,2003,2000,2007.5,2000,Eucrite
Howardite,2001,2000,2007.5,2000,Howardite
Eucrite,2002,2000,2007.5,2000,Eucrite
Ureilite,2003,2000,2007.5,2000,Ureilite
Diogenite,2003,2000,2007.5,2000,Diogenite
Eucrite,2002,2000,2007.5,2000,Eucrite
Eucrite,2004,2000,2007.5,2000,Eucrite
Eucrite,2004,2000,2007.5,2000,Eucrite
Ureilite,2004,2000,2007.5,2000,Ureilite
Eucrite,2004,2000,2007.5,2000,Eucrite
Eucrite,2004,2000,2007.5,2000,Eucrite
Eucrite,2004,2000,2007.5,2000,Eucrite
Eucrite-pmict,2004,2000,2007.5,2000,Eucrite
Martian (shergottite),2004,2000,2007.5,2000,Martian
Ureilite,2004,2000,2007.5,2000,Ureilite
Ureilite,2004,2000,2007.5,2000,Ureilite
Howardite,2004,2000,2007.5,2000,Howardite
Diogenite,2004,2000,2007.5,2000,Diogenite
Eucrite,2004,2000,2007.5,2000,Eucrite
Howardite,2004,2000,2007.5,2000,Howardite
Eucrite,2003,2000,2007.5,2000,Eucrite
Eucrite,2004,2000,2007.5,2000,Eucrite
Eucrite,2004,2000,2007.5,2000,Eucrite
Eucrite,2004,2000,2007.5,2000,Eucrite
Diogenite,2004,2000,2007.5,2000,Diogenite
Eucrite,2004,2000,2007.5,2000,Eucrite
Ureilite,2004,2000,2007.5,2000,Ureilite
Diogenite,2003,2000,2007.5,2000,Diogenite
Eucrite,2003,2000,2007.5,2000,Eucrite
Eucrite,2003,2000,2007.5,2000,Eucrite
Ureilite,2004,2000,2007.5,2000,Ureilite
Ureilite,2004,2000,2007.5,2000,Ureilite
Martian (shergottite),2004,2000,2007.5,2000,Martian
Acapulcoite,2004,2000,2007.5,2000,Acapulcoite
Diogenite,2004,2000,2007.5,2000,Diogenite
Ureilite,2004,2000,2007.5,2000,Ureilite
Howardite,2004,2000,2007.5,2000,Howardite
Howardite,2004,2000,2007.5,2000,Howardite
Martian,2004,2000,2007.5,2000,Martian
Ureilite,2003,2000,2007.5,2000,Ureilite
Acapulcoite,2003,2000,2007.5,2000,Acapulcoite
Eucrite,2004,2000,2007.5,2000,Eucrite
Howardite,2004,2000,2007.5,2000,Howardite
Acapulcoite,2005,2000,2007.5,2000,Acapulcoite
Lunar,2004,2000,2007.5,2000,Lunar
Ureilite,2005,2000,2007.5,2000,Ureilite
Ureilite,2005,2000,2007.5,2000,Ureilite
Acapulcoite,2004,2000,2007.5,2000,Acapulcoite
Eucrite,2004,2000,2007.5,2000,Eucrite
Lunar (bas/gab brec),2005,2000,2007.5,2000,Lunar
Aubrite,2004,2000,2007.5,2000,Aubrite
Martian (chassignite),2000,2000,2007.5,2000,Martian
Howardite,2002,2000,2007.5,2000,Howardite
Howardite,2002,2000,2007.5,2000,Howardite
Eucrite,2005,2000,2007.5,2000,Eucrite
Howardite,2005,2000,2007.5,2000,Howardite
Diogenite,2005,2000,2007.5,2000,Diogenite
Eucrite,2004,2000,2007.5,2000,Eucrite
Ureilite,2004,2000,2007.5,2000,Ureilite
Eucrite,2005,2000,2007.5,2000,Eucrite
Eucrite,2004,2000,2007.5,2000,Eucrite
Acapulcoite,2005,2000,2007.5,2000,Acapulcoite
Eucrite-pmict,2004,2000,2007.5,2000,Eucrite
Ureilite,2005,2000,2007.5,2000,Ureilite
Howardite,2005,2000,2007.5,2000,Howardite
Diogenite,2005,2000,2007.5,2000,Diogenite
Martian (shergottite),2007,2000,2007.5,2000,Martian
Diogenite,2005,2000,2007.5,2000,Diogenite
Ureilite,2003,2000,2007.5,2000,Ureilite
Howardite,2003,2000,2007.5,2000,Howardite
Diogenite,2005,2000,2007.5,2000,Diogenite
Aubrite,2005,2000,2007.5,2000,Aubrite
Diogenite,2004,2000,2007.5,2000,Diogenite
Howardite,2004,2000,2007.5,2000,Howardite
Acapulcoite,2005,2000,2007.5,2000,Acapulcoite
Acapulcoite,2005,2000,2007.5,2000,Acapulcoite
Ureilite,2000,2000,2007.5,2000,Ureilite
Howardite,2002,2000,2007.5,2000,Howardite
Howardite,2004,2000,2007.5,2000,Howardite
Ureilite,2004,2000,2007.5,2000,Ureilite
Eucrite-pmict,2003,2000,2007.5,2000,Eucrite
Eucrite,2005,2000,2007.5,2000,Eucrite
Eucrite,2005,2000,2007.5,2000,Eucrite
Eucrite,2005,2000,2007.5,2000,Eucrite
Eucrite,2005,2000,2007.5,2000,Eucrite
Diogenite,2005,2000,2007.5,2000,Diogenite
Eucrite,2003,2000,2007.5,2000,Eucrite
Eucrite,2005,2000,2007.5,2000,Eucrite
Eucrite,2005,2000,2007.5,2000,Eucrite
Eucrite,2005,2000,2007.5,2000,Eucrite
Ureilite,2005,2000,2007.5,2000,Ureilite
Ureilite,2005,2000,2007.5,2000,Ureilite
Diogenite,2005,2000,2007.5,2000,Diogenite
Martian (shergottite),2005,2000,2007.5,2000,Martian
Martian (shergottite),2005,2000,2007.5,2000,Martian
Lunar (gabbro),2005,2000,2007.5,2000,Lunar
Martian (shergottite),2006,2000,2007.5,2000,Martian
Eucrite,2006,2000,2007.5,2000,Eucrite
Martian (shergottite),2007,2000,2007.5,2000,Martian
Lunar (feldsp. breccia),2005,2000,2007.5,2000,Lunar
Lunar,2006,2000,2007.5,2000,Lunar
Diogenite,2006,2000,2007.5,2000,Diogenite
Lunar,2006,2000,2007.5,2000,Lunar
Angrite,2004,2000,2007.5,2000,Angrite
Acapulcoite,2002,2000,2007.5,2000,Acapulcoite
Eucrite-mmict,2003,2000,2007.5,2000,Eucrite
Eucrite-pmict,2002,2000,2007.5,2000,Eucrite
Eucrite-pmict,2002,2000,2007.5,2000,Eucrite
Eucrite-pmict,2002,2000,2007.5,2000,Eucrite
Ureilite,2003,2000,2007.5,2000,Ureilite
Eucrite-pmict,2003,2000,2007.5,2000,Eucrite
Eucrite-mmict,2003,2000,2007.5,2000,Eucrite
Diogenite,2003,2000,2007.5,2000,Diogenite
Ureilite,2003,2000,2007.5,2000,Ureilite
Ureilite,2003,2000,2007.5,2000,Ureilite
Howardite,2003,2000,2007.5,2000,Howardite
Eucrite,2003,2000,2007.5,2000,Eucrite
Eucrite,2002,2000,2007.5,2000,Eucrite
Ureilite,2003,2000,2007.5,2000,Ureilite
Lunar (basalt),2004,2000,2007.5,2000,Lunar
Eucrite,2004,2000,2007.5,2000,Eucrite
Eucrite,2004,2000,2007.5,2000,Eucrite
Ureilite,2004,2000,2007.5,2000,Ureilite
Eucrite,2004,2000,2007.5,2000,Eucrite
Eucrite,2004,2000,2007.5,2000,Eucrite
Diogenite,2004,2000,2007.5,2000,Diogenite
Eucrite,2005,2000,2007.5,2000,Eucrite
Eucrite,2004,2000,2007.5,2000,Eucrite
Howardite,2004,2000,2007.5,2000,Howardite
Brachinite,2005,2000,2007.5,2000,Brachinite
Eucrite,2005,2000,2007.5,2000,Eucrite
Ureilite,2004,2000,2007.5,2000,Ureilite
Angrite,2004,2000,2007.5,2000,Angrite
Eucrite,2005,2000,2007.5,2000,Eucrite
Lunar (bas. breccia),2005,2000,2007.5,2000,Lunar
Eucrite,2005,2000,2007.5,2000,Eucrite
Lunar,2001,2000,2007.5,2000,Lunar
Angrite,2004,2000,2007.5,2000,Angrite
Lunar (gabbro),2007,2000,2007.5,2000,Lunar
Martian (shergottite),2004,2000,2007.5,2000,Martian
Eucrite,2002,2000,2007.5,2000,Eucrite
Lunar,2006,2000,2007.5,2000,Lunar
Eucrite,2004,2000,2007.5,2000,Eucrite
Eucrite,2005,2000,2007.5,2000,Eucrite
Eucrite,2005,2000,2007.5,2000,Eucrite
Ureilite-pmict,2002,2000,2007.5,2000,Ureilite
Ureilite,2000,2000,2007.5,2000,Ureilite
Ureilite-pmict,2002,2000,2007.5,2000,Ureilite
Ureilite,2007,2000,2007.5,2000,Ureilite
Ureilite,2007,2000,2007.5,2000,Ureilite
Eucrite-pmict,2006,2000,2007.5,2000,Eucrite
Ureilite,2007,2000,2007.5,2000,Ureilite
Ureilite,2007,2000,2007.5,2000,Ureilite
Eucrite-pmict,2007,2000,2007.5,2000,Eucrite
Acapulcoite,2006,2000,2007.5,2000,Acapulcoite
Eucrite-pmict,2006,2000,2007.5,2000,Eucrite
Howardite,2006,2000,2007.5,2000,Howardite
Diogenite,2005,2000,2007.5,2000,Diogenite
Lunar,2005,2000,2007.5,2000,Lunar
Lodranite,2001,2000,2007.5,2000,Lodranite
Ureilite,2000,2000,2007.5,2000,Ureilite
Eucrite,2005,2000,2007.5,2000,Eucrite
Eucrite,2005,2000,2007.5,2000,Eucrite
Eucrite,2005,2000,2007.5,2000,Eucrite
Eucrite-pmict,2005,2000,2007.5,2000,Eucrite
Eucrite-pmict,2005,2000,2007.5,2000,Eucrite
Winonaite,2005,2000,2007.5,2000,Winonaite
Eucrite-pmict,2004,2000,2007.5,2000,Eucrite
Diogenite,2005,2000,2007.5,2000,Diogenite
Eucrite,2005,2000,2007.5,2000,Eucrite
Eucrite,2004,2000,2007.5,2000,Eucrite
Eucrite-pmict,2004,2000,2007.5,2000,Eucrite
Eucrite,2004,2000,2007.5,2000,Eucrite
Ureilite,2005,2000,2007.5,2000,Ureilite
Diogenite,2002,2000,2007.5,2000,Diogenite
Martian (shergottite),2006,2000,2007.5,2000,Martian
Diogenite,2005,2000,2007.5,2000,Diogenite
Eucrite,2005,2000,2007.5,2000,Eucrite
Ureilite,2005,2000,2007.5,2000,Ureilite
Eucrite,2005,2000,2007.5,2000,Eucrite
Ureilite,2005,2000,2007.5,2000,Ureilite
Ureilite,2005,2000,2007.5,2000,Ureilite
Acapulcoite,2003,2000,2007.5,2000,Acapulcoite
Ureilite,2003,2000,2007.5,2000,Ureilite
Ureilite,2003,2000,2007.5,2000,Ureilite
Diogenite,2002,2000,2007.5,2000,Diogenite
Eucrite-mmict,2004,2000,2007.5,2000,Eucrite
Eucrite-pmict,2003,2000,2007.5,2000,Eucrite
Diogenite,2003,2000,2007.5,2000,Diogenite
Diogenite,2005,2000,2007.5,2000,Diogenite
Diogenite,2005,2000,2007.5,2000,Diogenite
Eucrite,2005,2000,2007.5,2000,Eucrite
Howardite,2005,2000,2007.5,2000,Howardite
Eucrite,2005,2000,2007.5,2000,Eucrite
Diogenite,2005,2000,2007.5,2000,Diogenite
Ureilite-pmict,2004,2000,2007.5,2000,Ureilite
Winonaite,2005,2000,2007.5,2000,Winonaite
Diogenite,2006,2000,2007.5,2000,Diogenite
Ureilite,2005,2000,2007.5,2000,Ureilite
Eucrite-pmict,2005,2000,2007.5,2000,Eucrite
Diogenite,2004,2000,2007.5,2000,Diogenite
Eucrite-pmict,2006,2000,2007.5,2000,Eucrite
Eucrite-pmict,2006,2000,2007.5,2000,Eucrite
Eucrite-mmict,2005,2000,2007.5,2000,Eucrite
Acapulcoite,2005,2000,2007.5,2000,Acapulcoite
Lodranite,2006,2000,2007.5,2000,Lodranite
Martian (shergottite),2006,2000,2007.5,2000,Martian
Ureilite,2006,2000,2007.5,2000,Ureilite
Eucrite-an,2006,2000,2007.5,2000,Eucrite
Ureilite,2006,2000,2007.5,2000,Ureilite
Lunar,2006,2000,2007.5,2000,Lunar
Diogenite,2006,2000,2007.5,2000,Diogenite
Ureilite,2006,2000,2007.5,2000,Ureilite
Lodranite,2006,2000,2007.5,2000,Lodranite
Martian (shergottite),2006,2000,2007.5,2000,Martian
Ureilite,2006,2000,2007.5,2000,Ureilite
Lunar,2006,2000,2007.5,2000,Lunar
Eucrite,2006,2000,2007.5,2000,Eucrite
Lunar,2006,2000,2007.5,2000,Lunar
Eucrite,2006,2000,2007.5,2000,Eucrite
Lunar,2007,2000,2007.5,2000,Lunar
Ureilite,2006,2000,2007.5,2000,Ureilite
Ureilite,2001,2000,2007.5,2000,Ureilite
Ureilite,2001,2000,2007.5,2000,Ureilite
Ureilite,2000,2000,2007.5,2000,Ureilite
Eucrite,2001,2000,2007.5,2000,Eucrite
Martian (shergottite),2006,2000,2007.5,2000,Martian
Lodranite,2006,2000,2007.5,2000,Lodranite
Eucrite,2006,2000,2007.5,2000,Eucrite
Aubrite,2005,2000,2007.5,2000,Aubrite
Eucrite-mmict,2006,2000,2007.5,2000,Eucrite
Diogenite,2006,2000,2007.5,2000,Diogenite
Ureilite,2005,2000,2007.5,2000,Ureilite
Angrite,2005,2000,2007.5,2000,Angrite
Howardite,2006,2000,2007.5,2000,Howardite
Ureilite,2006,2000,2007.5,2000,Ureilite
Angrite,2006,2000,2007.5,2000,Angrite
Eucrite,2006,2000,2007.5,2000,Eucrite
Diogenite,2006,2000,2007.5,2000,Diogenite
Eucrite,2006,2000,2007.5,2000,Eucrite
Angrite,2006,2000,2007.5,2000,Angrite
Lodranite,2006,2000,2007.5,2000,Lodranite
Diogenite-pm,2006,2000,2007.5,2000,Diogenite
Eucrite-mmict,2006,2000,2007.5,2000,Eucrite
Diogenite,2006,2000,2007.5,2000,Diogenite
Lunar,2006,2000,2007.5,2000,Lunar
Acapulcoite/Lodranite,2003,2000,2007.5,2000,Acapulcoite
Ureilite-pmict,2007,2000,2007.5,2000,Ureilite
Eucrite-pmict,2005,2000,2007.5,2000,Eucrite
Lunar (basalt),2000,2000,2007.5,2000,Lunar
Martian (shergottite),2001,2000,2007.5,2000,Martian
Aubrite,2007,2000,2007.5,2000,Aubrite
Martian (shergottite),2000,2000,2007.5,2000,Martian
Angrite,2007,2000,2007.5,2000,Angrite
Diogenite,2007,2000,2007.5,2000,Diogenite
Diogenite,2006,2000,2007.5,2000,Diogenite
Acapulcoite,2006,2000,2007.5,2000,Acapulcoite
Lunar,2007,2000,2007.5,2000,Lunar
Lunar (anorth),2000,2000,2007.5,2000,Lunar
Eucrite-mmict,2007,2000,2007.5,2000,Eucrite
Eucrite-pmict,2006,2000,2007.5,2000,Eucrite
Howardite,2006,2000,2007.5,2000,Howardite
Ureilite,2007,2000,2007.5,2000,Ureilite
Eucrite-mmict,2006,2000,2007.5,2000,Eucrite
Eucrite-mmict,2006,2000,2007.5,2000,Eucrite
Aubrite,2006,2000,2007.5,2000,Aubrite
Lodranite,2007,2000,2007.5,2000,Lodranite
Eucrite,2006,2000,2007.5,2000,Eucrite
Ureilite,2002,2000,2007.5,2000,Ureilite
Howardite,2004,2000,2007.5,2000,Howardite
Martian (shergottite),2007,2000,2007.5,2000,Martian
Howardite,2006,2000,2007.5,2000,Howardite
Aubrite,2006,2000,2007.5,2000,Aubrite
Brachinite,2007,2000,2007.5,2000,Brachinite
Brachinite,2007,2000,2007.5,2000,Brachinite
Lodranite,2007,2000,2007.5,2000,Lodranite
Brachinite,2007,2000,2007.5,2000,Brachinite
Angrite,2007,2000,2007.5,2000,Angrite
Martian (shergottite),2007,2000,2007.5,2000,Martian
Martian (shergottite),2007,2000,2007.5,2000,Martian
Lunar,2005,2000,2007.5,2000,Lunar
Brachinite,2007,2000,2007.5,2000,Brachinite
Eucrite-pmict,2007,2000,2007.5,2000,Eucrite
Lunar,2007,2000,2007.5,2000,Lunar
Lunar,2007,2000,2007.5,2000,Lunar
Ureilite,2000,2000,2007.5,2000,Ureilite
Martian (shergottite),2007,2000,2007.5,2000,Martian
Ureilite,2006,2000,2007.5,2000,Ureilite
Martian (shergottite),2007,2000,2007.5,2000,Martian
Angrite,2007,2000,2007.5,2000,Angrite
Lunar,2007,2000,2007.5,2000,Lunar
Lodranite,2007,2000,2007.5,2000,Lodranite
Howardite,2007,2000,2007.5,2000,Howardite
Eucrite,2007,2000,2007.5,2000,Eucrite
Lunar,2007,2000,2007.5,2000,Lunar
Winonaite,2007,2000,2007.5,2000,Winonaite
Diogenite,2007,2000,2007.5,2000,Diogenite
Eucrite,2007,2000,2007.5,2000,Eucrite
Brachinite,2007,2000,2007.5,2000,Brachinite
Lunar,2007,2000,2007.5,2000,Lunar
Martian (shergottite),2003,2000,2007.5,2000,Martian
Ureilite,2007,2000,2007.5,2000,Ureilite
Eucrite,2007,2000,2007.5,2000,Eucrite
Eucrite,2004,2000,2007.5,2000,Eucrite
Lunar,2007,2000,2007.5,2000,Lunar
Lunar,2007,2000,2007.5,2000,Lunar
Lunar,2007,2000,2007.5,2000,Lunar
Winonaite,2000,2000,2007.5,2000,Winonaite
Angrite,2007,2000,2007.5,2000,Angrite
Brachinite,2006,2000,2007.5,2000,Brachinite
Howardite,2006,2000,2007.5,2000,Howardite
Ureilite,2007,2000,2007.5,2000,Ureilite
Eucrite,2006,2000,2007.5,2000,Eucrite
Lunar,2007,2000,2007.5,2000,Lunar
Howardite,2007,2000,2007.5,2000,Howardite
Ureilite,2007,2000,2007.5,2000,Ureilite
Lodranite,2007,2000,2007.5,2000,Lodranite
Martian (shergottite),2007,2000,2007.5,2000,Martian
Eucrite,2007,2000,2007.5,2000,Eucrite
Aubrite,2007,2000,2007.5,2000,Aubrite
Eucrite,2007,2000,2007.5,2000,Eucrite
Martian (shergottite),2007,2000,2007.5,2000,Martian
Howardite,2007,2000,2007.5,2000,Howardite
Eucrite,2007,2000,2007.5,2000,Eucrite
Eucrite-pmict,2007,2000,2007.5,2000,Eucrite
Eucrite-an,2008,2000,2007.5,2000,Eucrite
Eucrite,2008,2000,2007.5,2000,Eucrite
Eucrite-mmict,2008,2000,2007.5,2000,Eucrite
Eucrite,2008,2000,2007.5,2000,Eucrite
Martian (shergottite),2008,2000,2007.5,2000,Martian
Howardite,2008,2000,2007.5,2000,Howardite
Diogenite,2007,2000,2007.5,2000,Diogenite
Martian (shergottite),2008,2000,2007.5,2000,Martian
Diogenite,2008,2000,2007.5,2000,Diogenite
Diogenite,2007,2000,2007.5,2000,Diogenite
Eucrite-pmict,2008,2000,2007.5,2000,Eucrite
Howardite,2008,2000,2007.5,2000,Howardite
Eucrite-mmict,2007,2000,2007.5,2000,Eucrite
Eucrite,2008,2000,2007.5,2000,Eucrite
Lodranite,2008,2000,2007.5,2000,Lodranite
Eucrite,2008,2000,2007.5,2000,Eucrite
Diogenite,2008,2000,2007.5,2000,Diogenite
Lunar,2008,2000,2007.5,2000,Lunar
Eucrite-pmict,2008,2000,2007.5,2000,Eucrite
Lodranite,2007,2000,2007.5,2000,Lodranite
Howardite,2002,2000,2007.5,2000,Howardite
Aubrite,2007,2000,2007.5,2000,Aubrite
Brachinite,2009,2000,2007.5,2000,Brachinite
Eucrite-pmict,2003,2000,2007.5,2000,Eucrite
Diogenite,2008,2000,2007.5,2000,Diogenite
Diogenite,2008,2000,2007.5,2000,Diogenite
Howardite,2008,2000,2007.5,2000,Howardite
Howardite,2008,2000,2007.5,2000,Howardite
Lodranite,2008,2000,2007.5,2000,Lodranite
Howardite,2008,2000,2007.5,2000,Howardite
Ureilite,2007,2000,2007.5,2000,Ureilite
Diogenite,2003,2000,2007.5,2000,Diogenite
Eucrite-pmict,2005,2000,2007.5,2000,Eucrite
Ureilite,2007,2000,2007.5,2000,Ureilite
Diogenite-olivine,2004,2000,2007.5,2000,Diogenite
Diogenite,2008,2000,2007.5,2000,Diogenite
Howardite,2008,2000,2007.5,2000,Howardite
Eucrite,2008,2000,2007.5,2000,Eucrite
Eucrite-pmict,2008,2000,2007.5,2000,Eucrite
Eucrite,2008,2000,2007.5,2000,Eucrite
Eucrite-pmict,2008,2000,2007.5,2000,Eucrite
Diogenite-olivine,2008,2000,2007.5,2000,Diogenite
Eucrite,2009,2000,2007.5,2000,Eucrite
Ureilite,2003,2000,2007.5,2000,Ureilite
Martian (shergottite),2006,2000,2007.5,2000,Martian
Eucrite,2008,2000,2007.5,2000,Eucrite
Eucrite,2007,2000,2007.5,2000,Eucrite
Ureilite,2008,2000,2007.5,2000,Ureilite
Howardite,2008,2000,2007.5,2000,Howardite
Ureilite,2008,2000,2007.5,2000,Ureilite
Eucrite-br,2009,2000,2007.5,2000,Eucrite
Diogenite,2009,2000,2007.5,2000,Diogenite
Howardite,2009,2000,2007.5,2000,Howardite
Lunar,2009,2000,2007.5,2000,Lunar
Diogenite,2008,2000,2007.5,2000,Diogenite
Eucrite,2009,2000,2007.5,2000,Eucrite
Martian (nakhlite),2009,2000,2007.5,2000,Martian
Eucrite-mmict,2008,2000,2007.5,2000,Eucrite
Diogenite-pm,2007,2000,2007.5,2000,Diogenite
Diogenite,2008,2000,2007.5,2000,Diogenite
Ureilite,2009,2000,2007.5,2000,Ureilite
Ureilite,2009,2000,2007.5,2000,Ureilite
Brachinite,2001,2000,2007.5,2000,Brachinite
Howardite,2007,2000,2007.5,2000,Howardite
Howardite,2009,2000,2007.5,2000,Howardite
Martian (shergottite),2009,2000,2007.5,2000,Martian
Eucrite-mmict,2009,2000,2007.5,2000,Eucrite
Diogenite,2008,2000,2007.5,2000,Diogenite
Brachinite,2009,2000,2007.5,2000,Brachinite
Brachinite,2009,2000,2007.5,2000,Brachinite
Brachinite,2008,2000,2007.5,2000,Brachinite
Winonaite,2009,2000,2007.5,2000,Winonaite
Lodranite,2009,2000,2007.5,2000,Lodranite
Eucrite-pmict,2009,2000,2007.5,2000,Eucrite
Martian (shergottite),2009,2000,2007.5,2000,Martian
Diogenite,2003,2000,2007.5,2000,Diogenite
Eucrite,2008,2000,2007.5,2000,Eucrite
Howardite,2008,2000,2007.5,2000,Howardite
Diogenite,2008,2000,2007.5,2000,Diogenite
Lodranite,2008,2000,2007.5,2000,Lodranite
Eucrite-pmict,2008,2000,2007.5,2000,Eucrite
Eucrite-pmict,2008,2000,2007.5,2000,Eucrite
Eucrite,2008,2000,2007.5,2000,Eucrite
Diogenite,2009,2000,2007.5,2000,Diogenite
Martian (nakhlite),2009,2000,2007.5,2000,Martian
Diogenite-olivine,2009,2000,2007.5,2000,Diogenite
Eucrite-pmict,2010,2000,2007.5,2000,Eucrite
Brachinite,2010,2000,2007.5,2000,Brachinite
Diogenite-olivine,2010,2000,2007.5,2000,Diogenite
Ureilite,2010,2000,2007.5,2000,Ureilite
Martian (shergottite),2009,2000,2007.5,2000,Martian
Lodranite,2009,2000,2007.5,2000,Lodranite
Howardite,2009,2000,2007.5,2000,Howardite
Winonaite,2009,2000,2007.5,2000,Winonaite
Aubrite,2009,2000,2007.5,2000,Aubrite
Ureilite,2009,2000,2007.5,2000,Ureilite
Eucrite,2009,2000,2007.5,2000,Eucrite
Howardite,2008,2000,2007.5,2000,Howardite
Lunar (feldsp. breccia),2010,2000,2007.5,2000,Lunar
Diogenite-olivine,2010,2000,2007.5,2000,Diogenite
Martian (shergottite),2010,2000,2007.5,2000,Martian
Ureilite,2005,2000,2007.5,2000,Ureilite
Lunar (feldsp. breccia),2010,2000,2007.5,2000,Lunar
Eucrite-pmict,2009,2000,2007.5,2000,Eucrite
Eucrite-mmict,2009,2000,2007.5,2000,Eucrite
Eucrite,2010,2000,2007.5,2000,Eucrite
Eucrite-pmict,2010,2000,2007.5,2000,Eucrite
Diogenite,2010,2000,2007.5,2000,Diogenite
Eucrite-pmict,2010,2000,2007.5,2000,Eucrite
Howardite,2010,2000,2007.5,2000,Howardite
Eucrite-mmict,2010,2000,2007.5,2000,Eucrite
Ureilite,2010,2000,2007.5,2000,Ureilite
Eucrite-mmict,2010,2000,2007.5,2000,Eucrite
Howardite,2010,2000,2007.5,2000,Howardite
Lunar (feldsp. breccia),2010,2000,2007.5,2000,Lunar
Ureilite,2010,2000,2007.5,2000,Ureilite
Eucrite-mmict,2010,2000,2007.5,2000,Eucrite
Diogenite,2010,2000,2007.5,2000,Diogenite
Angrite,2010,2000,2007.5,2000,Angrite
Diogenite,2010,2000,2007.5,2000,Diogenite
Eucrite-pmict,2010,2000,2007.5,2000,Eucrite
Diogenite,2010,2000,2007.5,2000,Diogenite
Martian (shergottite),2010,2000,2007.5,2000,Martian
Eucrite-pmict,2010,2000,2007.5,2000,Eucrite
Ureilite,2010,2000,2007.5,2000,Ureilite
Eucrite-pmict,2010,2000,2007.5,2000,Eucrite
Ureilite,2010,2000,2007.5,2000,Ureilite
Eucrite,2010,2000,2007.5,2000,Eucrite
Brachinite,2010,2000,2007.5,2000,Brachinite
Aubrite,2010,2000,2007.5,2000,Aubrite
Diogenite-olivine,2010,2000,2007.5,2000,Diogenite
Ureilite,2010,2000,2007.5,2000,Ureilite
Lunar (feldsp. breccia),2010,2000,2007.5,2000,Lunar
Ureilite-pmict,2005,2000,2007.5,2000,Ureilite
Ureilite,2005,2000,2007.5,2000,Ureilite
Howardite,2010,2000,2007.5,2000,Howardite
Diogenite,2010,2000,2007.5,2000,Diogenite
Winonaite,2010,2000,2007.5,2000,Winonaite
Brachinite,2009,2000,2007.5,2000,Brachinite
Lunar (feldsp. breccia),2010,2000,2007.5,2000,Lunar
Ureilite,2010,2000,2007.5,2000,Ureilite
Brachinite,2010,2000,2007.5,2000,Brachinite
Eucrite-pmict,2010,2000,2007.5,2000,Eucrite
Eucrite-mmict,2010,2000,2007.5,2000,Eucrite
Lunar (feldsp. breccia),2010,2000,2007.5,2000,Lunar
Lodranite,2010,2000,2007.5,2000,Lodranite
Eucrite-br,2010,2000,2007.5,2000,Eucrite
Diogenite,2010,2000,2007.5,2000,Diogenite
Eucrite-pmict,2005,2000,2007.5,2000,Eucrite
Eucrite-pmict,2005,2000,2007.5,2000,Eucrite
Eucrite-mmict,2009,2000,2007.5,2000,Eucrite
Ureilite,2010,2000,2007.5,2000,Ureilite
Lunar (feldsp. breccia),2010,2000,2007.5,2000,Lunar
Lunar (feldsp. breccia),2010,2000,2007.5,2000,Lunar
Howardite,2010,2000,2007.5,2000,Howardite
Acapulcoite,2010,2000,2007.5,2000,Acapulcoite
Howardite,2010,2000,2007.5,2000,Howardite
Eucrite-pmict,2010,2000,2007.5,2000,Eucrite
Eucrite-pmict,2010,2000,2007.5,2000,Eucrite
Lunar (feldsp. breccia),2010,2000,2007.5,2000,Lunar
Eucrite-mmict,2010,2000,2007.5,2000,Eucrite
Diogenite,2010,2000,2007.5,2000,Diogenite
Lunar (feldsp. breccia),2010,2000,2007.5,2000,Lunar
Eucrite,2002,2000,2007.5,2000,Eucrite
Lodranite,2007,2000,2007.5,2000,Lodranite
Eucrite,2010,2000,2007.5,2000,Eucrite
Ureilite,2010,2000,2007.5,2000,Ureilite
Eucrite,2011,2000,2007.5,2000,Eucrite
Howardite,2010,2000,2007.5,2000,Howardite
Eucrite-mmict,2011,2000,2007.5,2000,Eucrite
Howardite,2011,2000,2007.5,2000,Howardite
Eucrite-pmict,2010,2000,2007.5,2000,Eucrite
Aubrite,2010,2000,2007.5,2000,Aubrite
Lodranite,2010,2000,2007.5,2000,Lodranite
Howardite,2010,2000,2007.5,2000,Howardite
Lunar (feldsp. breccia),2010,2000,2007.5,2000,Lunar
Diogenite,2010,2000,2007.5,2000,Diogenite
Eucrite-pmict,2011,2000,2007.5,2000,Eucrite
Howardite,2011,2000,2007.5,2000,Howardite
Eucrite,2011,2000,2007.5,2000,Eucrite
Howardite-an,2011,2000,2007.5,2000,Howardite
Martian (shergottite),2011,2000,2007.5,2000,Martian
Eucrite,2009,2000,2007.5,2000,Eucrite
Eucrite,2009,2000,2007.5,2000,Eucrite
Lunar (feldsp. breccia),2011,2000,2007.5,2000,Lunar
Howardite,2011,2000,2007.5,2000,Howardite
Eucrite,2010,2000,2007.5,2000,Eucrite
Eucrite-cm,2007,2000,2007.5,2000,Eucrite
Howardite,2011,2000,2007.5,2000,Howardite
Ureilite,2010,2000,2007.5,2000,Ureilite
Diogenite-olivine,2009,2000,2007.5,2000,Diogenite
Ureilite,2010,2000,2007.5,2000,Ureilite
Ureilite,2011,2000,2007.5,2000,Ureilite
Brachinite,2011,2000,2007.5,2000,Brachinite
Lodranite,2011,2000,2007.5,2000,Lodranite
Eucrite,2011,2000,2007.5,2000,Eucrite
Lunar,2011,2000,2007.5,2000,Lunar
Eucrite,2009,2000,2007.5,2000,Eucrite
Diogenite,2011,2000,2007.5,2000,Diogenite
Eucrite-pmict,2011,2000,2007.5,2000,Eucrite
Eucrite-pmict,2011,2000,2007.5,2000,Eucrite
Eucrite-pmict,2011,2000,2007.5,2000,Eucrite
Ureilite,2011,2000,2007.5,2000,Ureilite
Eucrite,2011,2000,2007.5,2000,Eucrite
Eucrite,2011,2000,2007.5,2000,Eucrite
Eucrite,2010,2000,2007.5,2000,Eucrite
Eucrite,2011,2000,2007.5,2000,Eucrite
Howardite,2011,2000,2007.5,2000,Howardite
Eucrite-pmict,2011,2000,2007.5,2000,Eucrite
Diogenite,2011,2000,2007.5,2000,Diogenite
Diogenite-an,2011,2000,2007.5,2000,Diogenite
Winonaite,2011,2000,2007.5,2000,Winonaite
Lunar (gabbro),2011,2000,2007.5,2000,Lunar
Martian (shergottite),2011,2000,2007.5,2000,Martian
Lunar (gabbro),2011,2000,2007.5,2000,Lunar
Brachinite,2011,2000,2007.5,2000,Brachinite
Eucrite-pmict,2011,2000,2007.5,2000,Eucrite
Eucrite-mmict,2011,2000,2007.5,2000,Eucrite
Eucrite-mmict,2011,2000,2007.5,2000,Eucrite
Lunar (feldsp. breccia),2011,2000,2007.5,2000,Lunar
Eucrite-pmict,2003,2000,2007.5,2000,Eucrite
Martian (shergottite),2011,2000,2007.5,2000,Martian
Martian (basaltic breccia),2011,2000,2007.5,2000,Martian
Eucrite-mmict,2012,2000,2007.5,2000,Eucrite
Eucrite-pmict,2011,2000,2007.5,2000,Eucrite
Martian (shergottite),2011,2000,2007.5,2000,Martian
Ureilite,2008,2000,2007.5,2000,Ureilite
Eucrite-mmict,2011,2000,2007.5,2000,Eucrite
Eucrite-pmict,2011,2000,2007.5,2000,Eucrite
Eucrite-pmict,2011,2000,2007.5,2000,Eucrite
Ureilite,2011,2000,2007.5,2000,Ureilite
Eucrite-pmict,2010,2000,2007.5,2000,Eucrite
Martian (shergottite),2011,2000,2007.5,2000,Martian
Lunar (feldsp. breccia),2011,2000,2007.5,2000,Lunar
Ureilite,2011,2000,2007.5,2000,Ureilite
Angrite,2011,2000,2007.5,2000,Angrite
Eucrite-pmict,2011,2000,2007.5,2000,Eucrite
Aubrite,2010,2000,2007.5,2000,Aubrite
Ureilite,2010,2000,2007.5,2000,Ureilite
Ureilite,2010,2000,2007.5,2000,Ureilite
Eucrite-pmict,2011,2000,2007.5,2000,Eucrite
Eucrite-pmict,2011,2000,2007.5,2000,Eucrite
Eucrite,2012,2000,2007.5,2000,Eucrite
Martian (shergottite),2012,2000,2007.5,2000,Martian
Martian (shergottite),2011,2000,2007.5,2000,Martian
Eucrite-pmict,2011,2000,2007.5,2000,Eucrite
Lunar (feldsp. breccia),2012,2000,2007.5,2000,Lunar
Ureilite,2012,2000,2007.5,2000,Ureilite
Eucrite-mmict,2012,2000,2007.5,2000,Eucrite
Martian (shergottite),2012,2000,2007.5,2000,Martian
Lunar (feldsp. breccia),2012,2000,2007.5,2000,Lunar
Ureilite,2012,2000,2007.5,2000,Ureilite
Howardite,2011,2000,2007.5,2000,Howardite
Diogenite,2011,2000,2007.5,2000,Diogenite
Eucrite,2012,2000,2007.5,2000,Eucrite
Diogenite,2012,2000,2007.5,2000,Diogenite
Eucrite,2011,2000,2007.5,2000,Eucrite
Brachinite,2011,2000,2007.5,2000,Brachinite
Ureilite,2009,2000,2007.5,2000,Ureilite
Lodranite,2012,2000,2007.5,2000,Lodranite
Eucrite,2012,2000,2007.5,2000,Eucrite
Martian (shergottite),2011,2000,2007.5,2000,Martian
Acapulcoite,2012,2000,2007.5,2000,Acapulcoite
Eucrite-mmict,2004,2000,2007.5,2000,Eucrite
Howardite,2012,2000,2007.5,2000,Howardite
Eucrite-cm,2012,2000,2007.5,2000,Eucrite
Howardite,2012,2000,2007.5,2000,Howardite
Ureilite,2011,2000,2007.5,2000,Ureilite
Eucrite,2012,2000,2007.5,2000,Eucrite
Ureilite,2012,2000,2007.5,2000,Ureilite
Eucrite-cm,2012,2000,2007.5,2000,Eucrite
Diogenite-olivine,2009,2000,2007.5,2000,Diogenite
Eucrite,2012,2000,2007.5,2000,Eucrite
Acapulcoite,2010,2000,2007.5,2000,Acapulcoite
Eucrite,2012,2000,2007.5,2000,Eucrite
Martian (shergottite),2012,2000,2007.5,2000,Martian
Brachinite,2007,2000,2007.5,2000,Brachinite
Martian (shergottite),2012,2000,2007.5,2000,Martian
Martian (basaltic breccia),2012,2000,2007.5,2000,Martian
Howardite,2012,2000,2007.5,2000,Howardite
Eucrite-mmict,2012,2000,2007.5,2000,Eucrite
Eucrite,2012,2000,2007.5,2000,Eucrite
Diogenite,2012,2000,2007.5,2000,Diogenite
Lunar (feldsp. breccia),2012,2000,2007.5,2000,Lunar
Eucrite-pmict,2012,2000,2007.5,2000,Eucrite
Brachinite,2012,2000,2007.5,2000,Brachinite
Martian (shergottite),2012,2000,2007.5,2000,Martian
Howardite,2012,2000,2007.5,2000,Howardite
Eucrite,2012,2000,2007.5,2000,Eucrite
Eucrite,2012,2000,2007.5,2000,Eucrite
Ureilite,2007,2000,2007.5,2000,Ureilite
Howardite,2012,2000,2007.5,2000,Howardite
Eucrite-mmict,2012,2000,2007.5,2000,Eucrite
Eucrite-mmict,2012,2000,2007.5,2000,Eucrite
Eucrite-mmict,2012,2000,2007.5,2000,Eucrite
Eucrite-mmict,2012,2000,2007.5,2000,Eucrite
Eucrite,2012,2000,2007.5,2000,Eucrite
Howardite,2011,2000,2007.5,2000,Howardite
Eucrite,2012,2000,2007.5,2000,Eucrite
Eucrite-pmict,2012,2000,2007.5,2000,Eucrite
Eucrite-pmict,2012,2000,2007.5,2000,Eucrite
Howardite,2011,2000,2007.5,2000,Howardite
Brachinite,2012,2000,2007.5,2000,Brachinite
Diogenite,2012,2000,2007.5,2000,Diogenite
Eucrite,2012,2000,2007.5,2000,Eucrite
Lunar,2012,2000,2007.5,2000,Lunar
Martian (shergottite),2012,2000,2007.5,2000,Martian
Eucrite-cm,2012,2000,2007.5,2000,Eucrite
Ureilite,2000,2000,2007.5,2000,Ureilite
Eucrite,2012,2000,2007.5,2000,Eucrite
Ureilite,2012,2000,2007.5,2000,Ureilite
Eucrite,2000,2000,2007.5,2000,Eucrite
Ureilite,2012,2000,2007.5,2000,Ureilite
Eucrite-pmict,2011,2000,2007.5,2000,Eucrite
Eucrite-pmict,2012,2000,2007.5,2000,Eucrite
Eucrite-pmict,2012,2000,2007.5,2000,Eucrite
Ureilite,2000,2000,2007.5,2000,Ureilite
Howardite,2012,2000,2007.5,2000,Howardite
Martian (shergottite),2012,2000,2007.5,2000,Martian
Lunar (norite),2000,2000,2007.5,2000,Lunar
Eucrite-pmict,2012,2000,2007.5,2000,Eucrite
Ureilite,2012,2000,2007.5,2000,Ureilite
Ureilite,2012,2000,2007.5,2000,Ureilite
Martian (shergottite),2013,2000,2007.5,2000,Martian
Eucrite,2010,2000,2007.5,2000,Eucrite
Howardite,2000,2000,2007.5,2000,Howardite
Eucrite,2012,2000,2007.5,2000,Eucrite
Eucrite,2012,2000,2007.5,2000,Eucrite
Angrite,2013,2000,2007.5,2000,Angrite
Diogenite,2012,2000,2007.5,2000,Diogenite
Martian (nakhlite),2000,2000,2007.5,2000,Martian
Ureilite,2001,2000,2007.5,2000,Ureilite
Martian (shergottite),2001,2000,2007.5,2000,Martian
Martian (nakhlite),2001,2000,2007.5,2000,Martian
Eucrite,2000,2000,2007.5,2000,Eucrite
Ureilite,1991,1985,1992.5,1985,Ureilite
Brachinite,1991,1985,1992.5,1985,Brachinite
Eucrite-mmict,1950,1940,1947.5,1940,Eucrite
Ureilite,1991,1985,1992.5,1985,Ureilite
Howardite,1991,1985,1992.5,1985,Howardite
Howardite,2002,2000,2007.5,2000,Howardite
Eucrite-mmict,1954,1940,1947.5,1940,Eucrite
Eucrite-mmict,2002,2000,2007.5,2000,Eucrite
Acapulcoite,2002,2000,2007.5,2000,Acapulcoite
Diogenite-pm,2002,2000,2007.5,2000,Diogenite
Lunar (anorth),2002,2000,2007.5,2000,Lunar
Diogenite,2002,2000,2007.5,2000,Diogenite
Howardite,2002,2000,2007.5,2000,Howardite
Howardite,2002,2000,2007.5,2000,Howardite
Howardite,2002,2000,2007.5,2000,Howardite
Howardite,2002,2000,2007.5,2000,Howardite
Howardite,2002,2000,2007.5,2000,Howardite
Diogenite,2002,2000,2007.5,2000,Diogenite
Howardite,2002,2000,2007.5,2000,Howardite
Howardite,2002,2000,2007.5,2000,Howardite
Howardite,2002,2000,2007.5,2000,Howardite
Howardite,2002,2000,2007.5,2000,Howardite
Eucrite-unbr,1982,1970,1977.5,1970,Eucrite
Eucrite-unbr,1982,1970,1977.5,1970,Eucrite
Ureilite,1982,1970,1977.5,1970,Ureilite
Eucrite-br,1991,1985,1992.5,1985,Eucrite
Eucrite-br,1991,1985,1992.5,1985,Eucrite
Diogenite,1991,1985,1992.5,1985,Diogenite
Eucrite-unbr,1991,1985,1992.5,1985,Eucrite
Eucrite-br,1991,1985,1992.5,1985,Eucrite
Eucrite-unbr,1991,1985,1992.5,1985,Eucrite
Eucrite-unbr,1991,1985,1992.5,1985,Eucrite
Eucrite-br,1991,1985,1992.5,1985,Eucrite
Eucrite-br,1991,1985,1992.5,1985,Eucrite
Eucrite-pmict,1991,1985,1992.5,1985,Eucrite
Eucrite-unbr,1991,1985,1992.5,1985,Eucrite
Eucrite-cm,1964,1955,1962.5,1955,Eucrite
Diogenite,2002,2000,2007.5,2000,Diogenite
Howardite,1993,1985,1992.5,1985,Howardite
Diogenite,1993,1985,1992.5,1985,Diogenite
Lunar (anorth),1993,1985,1992.5,1985,Lunar
Ureilite,1993,1985,1992.5,1985,Ureilite
Ureilite,1993,1985,1992.5,1985,Ureilite
Howardite,1993,1985,1992.5,1985,Howardite
Howardite,1994,1985,1992.5,1985,Howardite
Martian (shergottite),1994,1985,1992.5,1985,Martian
Lunar (anorth),1994,1985,1992.5,1985,Lunar
Lunar (basalt),1994,1985,1992.5,1985,Lunar
Eucrite-unbr,1994,1985,1992.5,1985,Eucrite
Winonaite,1994,1985,1992.5,1985,Winonaite
Ureilite,1994,1985,1992.5,1985,Ureilite
Howardite,1994,1985,1992.5,1985,Howardite
Howardite,1997,1985,1992.5,1985,Howardite
Howardite,1997,1985,1992.5,1985,Howardite
Eucrite-br,1997,1985,1992.5,1985,Eucrite
Eucrite-unbr,1997,1985,1992.5,1985,Eucrite
Eucrite-unbr,1997,1985,1992.5,1985,Eucrite
Aubrite-an,1997,1985,1992.5,1985,Aubrite
Aubrite-an,1997,1985,1992.5,1985,Aubrite
Eucrite-br,1997,1985,1992.5,1985,Eucrite
Eucrite-br,1997,1985,1992.5,1985,Eucrite
Diogenite,1997,1985,1992.5,1985,Diogenite
Eucrite-br,1999,1985,1992.5,1985,Eucrite
Eucrite-br,1999,1985,1992.5,1985,Eucrite
Howardite,1999,1985,1992.5,1985,Howardite
Diogenite,1999,1985,1992.5,1985,Diogenite
Howardite,1999,1985,1992.5,1985,Howardite
Diogenite,1999,1985,1992.5,1985,Diogenite
Eucrite-br,1999,1985,1992.5,1985,Eucrite
Eucrite-unbr,1999,1985,1992.5,1985,Eucrite
Eucrite-br,1999,1985,1992.5,1985,Eucrite
Ureilite,2004,2000,2007.5,2000,Ureilite
Ureilite,2005,2000,2007.5,2000,Ureilite
Diogenite,2009,2000,2007.5,2000,Diogenite
Brachinite,2009,2000,2007.5,2000,Brachinite
Ureilite,2010,2000,2007.5,2000,Ureilite
Eucrite-mmict,1987,1985,1992.5,1985,Eucrite
Eucrite-br,1992,1985,1992.5,1985,Eucrite
Eucrite-br,1980,1970,1977.5,1970,Eucrite
Eucrite-unbr,1980,1970,1977.5,1970,Eucrite
Ureilite,1980,1970,1977.5,1970,Ureilite
Brachinite,1991,1985,1992.5,1985,Brachinite
Ureilite-pmict,1995,1985,1992.5,1985,Ureilite
Brachinite,1991,1985,1992.5,1985,Brachinite
Acapulcoite,2004,2000,2007.5,2000,Acapulcoite
Martian (shergottite),2004,2000,2007.5,2000,Martian
Martian (shergottite),2004,2000,2007.5,2000,Martian
Ureilite,1984,1970,1977.5,1970,Ureilite
Ureilite,2002,2000,2007.5,2000,Ureilite
Winonaite,2002,2000,2007.5,2000,Winonaite
Eucrite,2002,2000,2007.5,2000,Eucrite
Eucrite,1998,1985,1992.5,1985,Eucrite
Diogenite,1998,1985,1992.5,1985,Diogenite
Ureilite,1998,1985,1992.5,1985,Ureilite
Ureilite,1998,1985,1992.5,1985,Ureilite
Howardite,1999,1985,1992.5,1985,Howardite
Ureilite,1999,1985,1992.5,1985,Ureilite
Howardite,1999,1985,1992.5,1985,Howardite
Angrite,1999,1985,1992.5,1985,Angrite
Howardite,2003,2000,2007.5,2000,Howardite
Diogenite,2003,2000,2007.5,2000,Diogenite
Eucrite-br,2003,2000,2007.5,2000,Eucrite
Martian (shergottite),1999,1985,1992.5,1985,Martian
Martian (shergottite),1999,1985,1992.5,1985,Martian
Martian (shergottite),2000,2000,2007.5,2000,Martian
Martian (shergottite),2001,2000,2007.5,2000,Martian
Martian (shergottite),2002,2000,2007.5,2000,Martian
Martian (shergottite),2001,2000,2007.5,2000,Martian
Martian (shergottite),2002,2000,2007.5,2000,Martian
Martian (shergottite),2003,2000,2007.5,2000,Martian
Martian (shergottite),2004,2000,2007.5,2000,Martian
Martian (shergottite),2002,2000,2007.5,2000,Martian
Lunar (anorth),2002,2000,2007.5,2000,Lunar
Lunar,2000,2000,2007.5,2000,Lunar
Eucrite,2005,2000,2007.5,2000,Eucrite
Lunar,2006,2000,2007.5,2000,Lunar
Ureilite,2009,2000,2007.5,2000,Ureilite
Ureilite,2006,2000,2007.5,2000,Ureilite
Eucrite-pmict,2011,2000,2007.5,2000,Eucrite
Lodranite,2006,2000,2007.5,2000,Lodranite
Howardite,2006,2000,2007.5,2000,Howardite
Eucrite-br,2006,2000,2007.5,2000,Eucrite
Aubrite,1936,1925,1932.5,1925,Aubrite
Ureilite,2001,2000,2007.5,2000,Ureilite
Lunar,2008,2000,2007.5,2000,Lunar
Lunar,2008,2000,2007.5,2000,Lunar
Lunar (feldsp. breccia),2006,2000,2007.5,2000,Lunar
Lunar,2008,2000,2007.5,2000,Lunar
Eucrite-pmict,2000,2000,2007.5,2000,Eucrite
Acapulcoite,2002,2000,2007.5,2000,Acapulcoite
Diogenite,2007,2000,2007.5,2000,Diogenite
Acapulcoite,2007,2000,2007.5,2000,Acapulcoite
Eucrite-br,1982,1970,1977.5,1970,Eucrite
Diogenite,1982,1970,1977.5,1970,Diogenite
Acapulcoite,2000,2000,2007.5,2000,Acapulcoite
Winonaite,1965,1955,1962.5,1955,Winonaite
Eucrite-cm,2010,2000,2007.5,2000,Eucrite
Ureilite,2005,2000,2007.5,2000,Ureilite
Ureilite,1998,1985,1992.5,1985,Ureilite
Eucrite,1992,1985,1992.5,1985,Eucrite
Winonaite,1928,1925,1932.5,1925,Winonaite
Howardite,2002,2000,2007.5,2000,Howardite
Acapulcoite,2008,2000,2007.5,2000,Acapulcoite
Martian (shergottite),2000,2000,2007.5,2000,Martian
Martian (shergottite),2000,2000,2007.5,2000,Martian
Martian (shergottite),2000,2000,2007.5,2000,Martian
Martian (nakhlite),2000,2000,2007.5,2000,Martian
Martian (nakhlite),2000,2000,2007.5,2000,Martian
Martian (nakhlite),2000,2000,2007.5,2000,Martian
Diogenite,2000,2000,2007.5,2000,Diogenite
Diogenite,1969,1955,1962.5,1955,Diogenite
Howardite,1973,1970,1977.5,1970,Howardite
Diogenite,1974,1970,1977.5,1970,Diogenite
Diogenite,1974,1970,1977.5,1970,Diogenite
Diogenite,1974,1970,1977.5,1970,Diogenite
Diogenite,1974,1970,1977.5,1970,Diogenite
Eucrite,1998,1985,1992.5,1985,Eucrite
Winonaite,1974,1970,1977.5,1970,Winonaite
Diogenite,1974,1970,1977.5,1970,Diogenite
Diogenite,1974,1970,1977.5,1970,Diogenite
Acapulcoite,1974,1970,1977.5,1970,Acapulcoite
Diogenite,1974,1970,1977.5,1970,Diogenite
Diogenite,1974,1970,1977.5,1970,Diogenite
Diogenite,1974,1970,1977.5,1970,Diogenite
Ureilite,1974,1970,1977.5,1970,Ureilite
Diogenite,1974,1970,1977.5,1970,Diogenite
Diogenite,1974,1970,1977.5,1970,Diogenite
Ureilite,1974,1970,1977.5,1970,Ureilite
Diogenite,1974,1970,1977.5,1970,Diogenite
Diogenite,1974,1970,1977.5,1970,Diogenite
Diogenite,1974,1970,1977.5,1970,Diogenite
Ureilite,1974,1970,1977.5,1970,Ureilite
Eucrite-pmict,1974,1970,1977.5,1970,Eucrite
Diogenite,1974,1970,1977.5,1970,Diogenite
Diogenite,1974,1970,1977.5,1970,Diogenite
Diogenite,1974,1970,1977.5,1970,Diogenite
Eucrite-mmict,1974,1970,1977.5,1970,Eucrite
Lodranite-an,1974,1970,1977.5,1970,Lodranite
Diogenite,1974,1970,1977.5,1970,Diogenite
Diogenite,1974,1970,1977.5,1970,Diogenite
Eucrite-pmict,1974,1970,1977.5,1970,Eucrite
Diogenite,1974,1970,1977.5,1970,Diogenite
Diogenite,1974,1970,1977.5,1970,Diogenite
Diogenite,1974,1970,1977.5,1970,Diogenite
Ureilite,1974,1970,1977.5,1970,Ureilite
Diogenite,1975,1970,1977.5,1970,Diogenite
Diogenite,1975,1970,1977.5,1970,Diogenite
Diogenite,1975,1970,1977.5,1970,Diogenite
Eucrite-pmict,1975,1970,1977.5,1970,Eucrite
Diogenite,1975,1970,1977.5,1970,Diogenite
Eucrite-pmict,1975,1970,1977.5,1970,Eucrite
Diogenite,1975,1970,1977.5,1970,Diogenite
Lodranite,1975,1970,1977.5,1970,Lodranite
Diogenite,1975,1970,1977.5,1970,Diogenite
Eucrite-pmict,1975,1970,1977.5,1970,Eucrite
Eucrite-pmict,1975,1970,1977.5,1970,Eucrite
Diogenite,1975,1970,1977.5,1970,Diogenite
Winonaite,1975,1970,1977.5,1970,Winonaite
Winonaite,1975,1970,1977.5,1970,Winonaite
Eucrite-pmict,1975,1970,1977.5,1970,Eucrite
Eucrite-pmict,1979,1970,1977.5,1970,Eucrite
Eucrite-pmict,1979,1970,1977.5,1970,Eucrite
Eucrite-pmict,1979,1970,1977.5,1970,Eucrite
Diogenite,1979,1970,1977.5,1970,Diogenite
Eucrite-pmict,1979,1970,1977.5,1970,Eucrite
Eucrite-pmict,1979,1970,1977.5,1970,Eucrite
Diogenite,1979,1970,1977.5,1970,Diogenite
Eucrite-pmict,1979,1970,1977.5,1970,Eucrite
Eucrite-pmict,1979,1970,1977.5,1970,Eucrite
Eucrite-pmict,1979,1970,1977.5,1970,Eucrite
Eucrite-pmict,1979,1970,1977.5,1970,Eucrite
Howardite,1979,1970,1977.5,1970,Howardite
Ureilite,1979,1970,1977.5,1970,Ureilite
Howardite,1979,1970,1977.5,1970,Howardite
Diogenite,1979,1970,1977.5,1970,Diogenite
Eucrite,1979,1970,1977.5,1970,Eucrite
Winonaite,1979,1970,1977.5,1970,Winonaite
Howardite,1979,1970,1977.5,1970,Howardite
Diogenite,1979,1970,1977.5,1970,Diogenite
Diogenite,1979,1970,1977.5,1970,Diogenite
Howardite,1979,1970,1977.5,1970,Howardite
Eucrite-mmict,1979,1970,1977.5,1970,Eucrite
Diogenite,1979,1970,1977.5,1970,Diogenite
Diogenite,1979,1970,1977.5,1970,Diogenite
Diogenite,1979,1970,1977.5,1970,Diogenite
Howardite,1979,1970,1977.5,1970,Howardite
Diogenite,1979,1970,1977.5,1970,Diogenite
Diogenite,1979,1970,1977.5,1970,Diogenite
Eucrite-cm,1979,1970,1977.5,1970,Eucrite
Lunar (anorth),1979,1970,1977.5,1970,Lunar
Diogenite,1979,1970,1977.5,1970,Diogenite
Diogenite,1979,1970,1977.5,1970,Diogenite
Diogenite,1979,1970,1977.5,1970,Diogenite
Diogenite,1979,1970,1977.5,1970,Diogenite
Diogenite,1979,1970,1977.5,1970,Diogenite
Diogenite,1979,1970,1977.5,1970,Diogenite
Howardite,1979,1970,1977.5,1970,Howardite
Howardite,1979,1970,1977.5,1970,Howardite
Howardite,1979,1970,1977.5,1970,Howardite
Diogenite,1979,1970,1977.5,1970,Diogenite
Howardite,1979,1970,1977.5,1970,Howardite
Eucrite-mmict,1979,1970,1977.5,1970,Eucrite
Eucrite-pmict,1979,1970,1977.5,1970,Eucrite
Howardite,1979,1970,1977.5,1970,Howardite
Diogenite,1979,1970,1977.5,1970,Diogenite
Diogenite,1979,1970,1977.5,1970,Diogenite
Howardite,1979,1970,1977.5,1970,Howardite
Lodranite,1979,1970,1977.5,1970,Lodranite
Howardite,1979,1970,1977.5,1970,Howardite
Lodranite,1979,1970,1977.5,1970,Lodranite
Howardite,1979,1970,1977.5,1970,Howardite
Ureilite,1979,1970,1977.5,1970,Ureilite
Howardite,1979,1970,1977.5,1970,Howardite
Diogenite,1979,1970,1977.5,1970,Diogenite
Eucrite-pmict,1979,1970,1977.5,1970,Eucrite
Diogenite,1979,1970,1977.5,1970,Diogenite
Eucrite-pmict,1979,1970,1977.5,1970,Eucrite
Diogenite,1979,1970,1977.5,1970,Diogenite
Ureilite,1979,1970,1977.5,1970,Ureilite
Eucrite-pmict,1979,1970,1977.5,1970,Eucrite
Eucrite-pmict,1979,1970,1977.5,1970,Eucrite
Eucrite-mmict,1979,1970,1977.5,1970,Eucrite
Eucrite-mmict,1979,1970,1977.5,1970,Eucrite
Ureilite,1979,1970,1977.5,1970,Ureilite
Eucrite-pmict,1979,1970,1977.5,1970,Eucrite
Eucrite-pmict,1979,1970,1977.5,1970,Eucrite
Lunar (gabbro),1979,1970,1977.5,1970,Lunar
Howardite,1979,1970,1977.5,1970,Howardite
Howardite,1979,1970,1977.5,1970,Howardite
Howardite,1979,1970,1977.5,1970,Howardite
Lunar (bas/anor),1979,1970,1977.5,1970,Lunar
Eucrite-pmict,1979,1970,1977.5,1970,Eucrite
Howardite,1979,1970,1977.5,1970,Howardite
Howardite,1979,1970,1977.5,1970,Howardite
Howardite,1979,1970,1977.5,1970,Howardite
Howardite,1979,1970,1977.5,1970,Howardite
Howardite,1979,1970,1977.5,1970,Howardite
Eucrite-pmict,1979,1970,1977.5,1970,Eucrite
Eucrite-mmict,1979,1970,1977.5,1970,Eucrite
Eucrite-pmict,1979,1970,1977.5,1970,Eucrite
Howardite,1979,1970,1977.5,1970,Howardite
Diogenite,1979,1970,1977.5,1970,Diogenite
Eucrite-mmict,1979,1970,1977.5,1970,Eucrite
Howardite,1979,1970,1977.5,1970,Howardite
Eucrite,1979,1970,1977.5,1970,Eucrite
Aubrite,1979,1970,1977.5,1970,Aubrite
Eucrite,1979,1970,1977.5,1970,Eucrite
Eucrite,1979,1970,1977.5,1970,Eucrite
Martian (shergottite),1979,1970,1977.5,1970,Martian
Eucrite-pmict,1979,1970,1977.5,1970,Eucrite
Eucrite-mmict,1979,1970,1977.5,1970,Eucrite
Diogenite,1979,1970,1977.5,1970,Diogenite
Eucrite-mmict,1979,1970,1977.5,1970,Eucrite
Lodranite,1980,1970,1977.5,1970,Lodranite
Winonaite,1980,1970,1977.5,1970,Winonaite
Diogenite,1980,1970,1977.5,1970,Diogenite
Diogenite,1981,1970,1977.5,1970,Diogenite
Diogenite,1981,1970,1977.5,1970,Diogenite
Eucrite-pmict,1982,1970,1977.5,1970,Eucrite
Eucrite,1982,1970,1977.5,1970,Eucrite
Eucrite-pmict,1982,1970,1977.5,1970,Eucrite
Diogenite,1982,1970,1977.5,1970,Diogenite
Diogenite,1982,1970,1977.5,1970,Diogenite
Eucrite-mmict,1982,1970,1977.5,1970,Eucrite
Howardite,1982,1970,1977.5,1970,Howardite
Eucrite-pmict,1982,1970,1977.5,1970,Eucrite
Eucrite-mmict,1982,1970,1977.5,1970,Eucrite
Diogenite,1982,1970,1977.5,1970,Diogenite
Diogenite,1982,1970,1977.5,1970,Diogenite
Eucrite-pmict,1982,1970,1977.5,1970,Eucrite
Howardite,1982,1970,1977.5,1970,Howardite
Ureilite,1982,1970,1977.5,1970,Ureilite
Lunar (anorth),1982,1970,1977.5,1970,Lunar
Lunar (anorth),1982,1970,1977.5,1970,Lunar
Eucrite,1982,1970,1977.5,1970,Eucrite
Eucrite-mmict,1982,1970,1977.5,1970,Eucrite
Eucrite,1982,1970,1977.5,1970,Eucrite
Eucrite-pmict,1982,1970,1977.5,1970,Eucrite
Diogenite,1982,1970,1977.5,1970,Diogenite
Eucrite,1984,1970,1977.5,1970,Eucrite
Ureilite,1984,1970,1977.5,1970,Ureilite
Eucrite,1986,1985,1992.5,1985,Eucrite
Lunar (anorth),1986,1985,1992.5,1985,Lunar
Eucrite-pmict,1986,1985,1992.5,1985,Eucrite
Eucrite-pmict,1986,1985,1992.5,1985,Eucrite
Eucrite-cm,1986,1985,1992.5,1985,Eucrite
Howardite,1986,1985,1992.5,1985,Howardite
Diogenite,1986,1985,1992.5,1985,Diogenite
Diogenite,1986,1985,1992.5,1985,Diogenite
Diogenite,1992,1985,1992.5,1985,Diogenite
Eucrite,1998,1985,1992.5,1985,Eucrite
Eucrite,1998,1985,1992.5,1985,Eucrite
Eucrite,1998,1985,1992.5,1985,Eucrite
Eucrite,1998,1985,1992.5,1985,Eucrite
Eucrite-cm,1998,1985,1992.5,1985,Eucrite
Eucrite,1998,1985,1992.5,1985,Eucrite
Eucrite,1998,1985,1992.5,1985,Eucrite
Eucrite,1998,1985,1992.5,1985,Eucrite
Eucrite,1998,1985,1992.5,1985,Eucrite
Martian (shergottite),1998,1985,1992.5,1985,Martian
Martian (shergottite),1998,1985,1992.5,1985,Martian
Eucrite,1998,1985,1992.5,1985,Eucrite
Lunar (anorth),1998,1985,1992.5,1985,Lunar
Eucrite,1998,1985,1992.5,1985,Eucrite
Diogenite,1998,1985,1992.5,1985,Diogenite
Acapulcoite,1998,1985,1992.5,1985,Acapulcoite
Diogenite,1998,1985,1992.5,1985,Diogenite
Howardite,1998,1985,1992.5,1985,Howardite
Eucrite,1998,1985,1992.5,1985,Eucrite
Lodranite,1998,1985,1992.5,1985,Lodranite
Eucrite,1998,1985,1992.5,1985,Eucrite
Eucrite,1998,1985,1992.5,1985,Eucrite
Eucrite,1998,1985,1992.5,1985,Eucrite
Eucrite,1998,1985,1992.5,1985,Eucrite
Eucrite,1998,1985,1992.5,1985,Eucrite
Lodranite,1998,1985,1992.5,1985,Lodranite
Eucrite,1998,1985,1992.5,1985,Eucrite
Eucrite,1998,1985,1992.5,1985,Eucrite
Ureilite,1998,1985,1992.5,1985,Ureilite
Diogenite,1998,1985,1992.5,1985,Diogenite
Eucrite,1998,1985,1992.5,1985,Eucrite
Lodranite,1998,1985,1992.5,1985,Lodranite
Eucrite,1998,1985,1992.5,1985,Eucrite
Eucrite,1998,1985,1992.5,1985,Eucrite
Eucrite,1998,1985,1992.5,1985,Eucrite
Eucrite,1998,1985,1992.5,1985,Eucrite
Eucrite,1998,1985,1992.5,1985,Eucrite
Eucrite,1998,1985,1992.5,1985,Eucrite
Eucrite,1998,1985,1992.5,1985,Eucrite
Eucrite,1998,1985,1992.5,1985,Eucrite
Eucrite,1998,1985,1992.5,1985,Eucrite
Ureilite,1998,1985,1992.5,1985,Ureilite
Ureilite,1998,1985,1992.5,1985,Ureilite
Diogenite,1998,1985,1992.5,1985,Diogenite
Lodranite,1998,1985,1992.5,1985,Lodranite
Acapulcoite,1998,1985,1992.5,1985,Acapulcoite
Acapulcoite,1998,1985,1992.5,1985,Acapulcoite
Ureilite,1998,1985,1992.5,1985,Ureilite
Ureilite,1998,1985,1992.5,1985,Ureilite
Ureilite,1998,1985,1992.5,1985,Ureilite
Eucrite-unbr,1998,1985,1992.5,1985,Eucrite
Eucrite-pmict,1998,1985,1992.5,1985,Eucrite
Ureilite,1998,1985,1992.5,1985,Ureilite
Diogenite,1998,1985,1992.5,1985,Diogenite
Lodranite,1998,1985,1992.5,1985,Lodranite
Eucrite-pmict,1998,1985,1992.5,1985,Eucrite
Winonaite,1998,1985,1992.5,1985,Winonaite
Eucrite-br,1998,1985,1992.5,1985,Eucrite
Eucrite-unbr,1998,1985,1992.5,1985,Eucrite
Eucrite-br,1998,1985,1992.5,1985,Eucrite
Diogenite,1998,1985,1992.5,1985,Diogenite
Lunar (anorth),1999,1985,1992.5,1985,Lunar
Ureilite-pmict,1998,1985,1992.5,1985,Ureilite
Martian (shergottite),1998,1985,1992.5,1985,Martian
Howardite,1998,1985,1992.5,1985,Howardite
Diogenite,1998,1985,1992.5,1985,Diogenite
Eucrite-pmict,1998,1985,1992.5,1985,Eucrite
Eucrite-pmict,1998,1985,1992.5,1985,Eucrite
Winonaite,1999,1985,1992.5,1985,Winonaite
Eucrite,1990,1985,1992.5,1985,Eucrite
